"","sp","sample.type","sp.type.combo","mass.g","log.mass","length.mm","width.mm","height.mm","density.gcm3","toughness","log.toughness","specific.toughness","peak.force","log.peak.force","specific.peak.force","fruit.diaspore"
"1","anae","fruto","anaefruto",3.7857,0.578146195072357,33.9,19.1,10.5,1.06346991448382,1.58111933225,0.198964648794907,-0.379181546277451,1309.187779,3.11700194260478,2.53885574753242,"fruit"
"2","anae","fruto","anaefruto",2.6911,0.42992983624063,30.2,16.7,10.2,0.99909693823401,1.17097152625,0.0685463347454197,-0.36138350149521,931.6317527,2.96924428212476,2.53931444588413,"fruit"
"3","anae","fruto","anaefruto",2.875,0.458637849025649,28.9,16.1,12.4,0.951686311601434,0.58107200525,-0.235770047394327,-0.694407896419976,421.6859512,2.62498913239274,2.16635128336709,"fruit"
"4","anae","fruto","anaefruto",3.0509,0.484427972912833,31.5,16.7,11,1.00695402105724,0.48470124425,-0.314525865422247,-0.79895383833508,411.8793012,2.61476996724048,2.13034199432764,"fruit"
"5","anns","diaspora","annsdiaspora",0.0534,-1.27245874297144,9.1,3.5,2.3,1.39221196550797,0.03491433275,-1.4569962533727,-0.184537510401258,128.4671154,2.10879197258527,3.38125071555671,"diaspore"
"6","anns","diaspora","annsdiaspora",0.0558,-1.25336580106242,9.1,3.5,2.6,1.28692367943887,0.02996739075,-1.52335106927352,-0.269985268211099,108.8538153,2.03684365556084,3.29020945662326,"diaspore"
"7","anns","diaspora","annsdiaspora",0.0549,-1.26042765554991,8.8,3.8,2.7,1.16129802973751,0.03809510125,-1.41913086781199,-0.158703212262079,126.9961179,2.10379044536244,3.36421810091235,"diaspore"
"8","anns","diaspora","annsdiaspora",0.0543,-1.26520017041115,8.5,4,2.5,1.22006306963152,0.035968549,-1.44407708161445,-0.178876911203299,119.6411303,2.07788050734101,3.34308067775216,"diaspore"
"9","anns","diaspora","annsdiaspora",0.0562,-1.25026368443094,9.4,3.5,2.8,1.16515516306094,0.0345869495,-1.46108774020415,-0.210824055773213,114.7378053,2.05970653845896,3.3099702228899,"diaspore"
"10","anns","diaspora","annsdiaspora",0.0443,-1.35359627377693,7.2,3.8,2.1,1.47254886778842,0.0332184965,-1.47862002801136,-0.125023754234429,144.1577554,2.1588380115305,3.51243428530743,"diaspore"
"11","anns","diaspora","annsdiaspora",0.0499,-1.30189945437661,9,2.9,2.6,1.40439109819374,0.02094722,-1.67887360605195,-0.37697415167534,83.84685774,1.92348679154855,3.22538624592516,"diaspore"
"12","anns","diaspora","annsdiaspora",0.0459,-1.33818731446274,8.6,3.1,2,1.64408369570548,0.04786805175,-1.31995424812789,0.0182330663348536,161.319393,2.20768657920933,3.54587389367207,"diaspore"
"13","anns","diaspora","annsdiaspora",0.0422,-1.37468754903833,7.2,3.9,2.1,1.36677627156654,0.0238043895,-1.6233429521933,-0.248655403154971,93.65350777,1.97152404841307,3.3462115974514,"diaspore"
"14","apem","diaspora","apemdiaspora",0.0188,-1.72584215073632,4.3,2.6,2,1.60578511455866,0.02837266025,-1.5470999423948,0.178742208341521,93.16317527,1.96924428212476,3.69508643286108,"diaspore"
"15","apem","diaspora","apemdiaspora",0.0147,-1.83268266525182,3.7,2.2,2.1,1.64238516212767,0.031698428,-1.49896227493852,0.333720390313301,98.55683279,1.99368673861167,3.8263694038635,"diaspore"
"16","apem","diaspora","apemdiaspora",0.0222,-1.65364702554936,4.5,3,2.2,1.42757161076367,0.03966263075,-1.401618483214,0.252028542335357,97.57616778,1.98934375756923,3.64299078311859,"diaspore"
"17","apem","diaspora","apemdiaspora",0.0157,-1.80410034759077,3.1,2.8,2,1.72723452065168,0.0535755795,-1.27103312271654,0.533067224874229,101.0084953,2.00435790157232,3.80845824916308,"diaspore"
"18","ardb","diaspora","ardbdiaspora",0.0746,-1.12726117252733,5.2,4.3,4.3,1.48183534817016,0.01641218275,-1.78483365580001,-0.657572483272682,44.12992513,1.64473319063198,2.77199436315931,"diaspore"
"19","ardb","diaspora","ardbdiaspora",0.073,-1.13667713987954,5.4,4.3,4.3,1.39634767690744,0.01826413175,-1.73840096868319,-0.601723828803651,53.93657516,1.73188336635982,2.86856050623937,"diaspore"
"20","asts","diaspora","astsdiaspora",11.0384,1.04290612760252,29.6,24.5,24.4,1.19140627604747,5.5817002475,0.746766509982752,-0.296139617619767,4216.859512,3.62498913239274,2.58208300479022,"diaspore"
"21","asts","diaspora","astsdiaspora",9.6191,0.983134439676216,29.4,22.9,22.7,1.20206277255889,2.09038565975,0.320226417426882,-0.662908022249334,2834.121858,3.45241851955972,2.4692840798835,"diaspore"
"22","asts","diaspora","astsdiaspora",11.4844,1.06010831050223,33,24.5,24.5,1.1072956137637,0.995481132,-0.00196696702375367,-1.06207527752599,1824.036905,3.26103362098566,2.20092531048343,"diaspore"
"23","asts","diaspora","astsdiaspora",9.587,0.981682727371285,33.6,22.7,22.5,1.06693129111391,1.8941992745,0.277425665936136,-0.704257061435149,2490.889107,3.39635439341768,2.41467166604639,"diaspore"
"24","asts","diaspora","astsdiaspora",11.2832,1.05243228628321,30.7,24.7,24,1.18409648940015,4.5989972125,0.662663146343719,-0.38976913993949,4211.956187,3.62448384498185,2.57205155869864,"diaspore"
"25","asts","diaspora","astsdiaspora",9.4903,0.977279941224475,30.8,22.4,21.5,1.22192380087885,3.60760637,0.55721914509415,-0.420060796130325,3393.10091,3.53059677564998,2.5533168344255,"diaspore"
"26","asts","diaspora","astsdiaspora",9.0455,0.956432577966348,30.6,22,21.5,1.1935796026512,3.2584853125,0.513015767769986,-0.443416810196362,3314.64771,3.52043737716515,2.5640047991988,"diaspore"
"27","asts","diaspora","astsdiaspora",14.5567,1.16306293169214,37.1,25.8,25.3,1.14802189936188,4.369829485,0.640464490707633,-0.522598440984506,4569.898913,3.65990659350271,2.49684366181057,"diaspore"
"28","asts","diaspora","astsdiaspora",16.3418,1.2132998910589,38.2,26.8,26.6,1.1460972624366,5.268412055,0.721679734819431,-0.491620156239465,5070.038065,3.7050112199561,2.4917113288972,"diaspore"
"29","asts","diaspora","astsdiaspora",13.3581,1.12574469031045,34,26.2,25.8,1.11005923356891,4.3621485975,0.639700455826602,-0.48604423448385,4207.052862,3.62397796900075,2.4982332786903,"diaspore"
"30","asts","diaspora","astsdiaspora",10.6778,1.02848178206695,34.8,23,22.8,1.11748379188474,3.62408796,0.559198729865439,-0.469283052201513,3760.850286,3.57528604513252,2.54680426306557,"diaspore"
"31","asts","diaspora","astsdiaspora",7.3976,0.869090844620728,28.4,20.3,19.6,1.25032171248809,2.52981329,0.403088469746998,-0.46600237487373,2397.725932,3.3797995403048,2.51070869568407,"diaspore"
"32","asts","diaspora","astsdiaspora",6.6423,0.822318486649642,26.5,19.8,19.7,1.22727693968626,2.15127835175,0.332696606950929,-0.489621879698713,1946.620031,3.28928118801501,2.46696270136537,"diaspore"
"33","asts","diaspora","astsdiaspora",12.467,1.0957619594775,32.1,25.5,25.2,1.15429704414988,5.0224262925,0.700913571902036,-0.394848387575464,4192.342887,3.62245679588457,2.52669483640707,"diaspore"
"34","asts","diaspora","astsdiaspora",10.7577,1.03171942894367,32,23.8,23.7,1.13827061702191,4.8569688575,0.68636531882011,-0.345354110123557,3751.043636,3.57415211634048,2.54243268739681,"diaspore"
"35","asts","diaspora","astsdiaspora",7.9162,0.898516757969824,27.75,22.24,21.7,1.12891340877096,2.913442005,0.46440637744276,-0.434110380527064,3020.448209,3.48007139337178,2.58155463540195,"diaspore"
"36","asts","diaspora","astsdiaspora",7.7382,0.888639950220313,28.93,21.74,21.56,1.08989484385009,2.27368991725,0.356731235897139,-0.531908714323174,2623.278883,3.41884446325895,2.53020451303864,"diaspore"
"37","asts","diaspora","astsdiaspora",13.0315,1.11499440836255,34.6,26.1,25.6,1.07656241741726,3.4963367025,0.543613249190219,-0.571381159172334,3157.741309,3.4993765485109,2.38438214014835,"diaspore"
"38","asts","diaspora","astsdiaspora",14.2861,1.15491368577846,35.8,27,26.2,1.07737521737725,4.52762604,0.655870549039014,-0.499043136739443,4177.632912,3.62093027592747,2.46601659014902,"diaspore"
"39","asts","diaspora","astsdiaspora",14.6971,1.16723164915323,34.1,27.2,26.6,1.13770091451692,2.677026585,0.427652684097456,-0.739578965055773,3113.611384,3.49326440646061,2.32603275730738,"diaspore"
"40","asts","diaspora","astsdiaspora",11.4794,1.0599191891509,32.5,24,23.9,1.17605616590222,7.49815306,0.874954301440952,-0.184964887709951,5702.566992,3.75607039593642,2.69615120678551,"diaspore"
"41","asts","diaspora","astsdiaspora",11.156,1.04750850559401,32.3,23.6,23.5,1.18939879921256,3.7753847475,0.576961216945782,-0.47054728864823,4211.956187,3.62448384498185,2.57697533938784,"diaspore"
"42","attb","diaspora","atabdiaspora",14.3972,1.15827803773488,47.9,21.8,21.7,1.21346617373264,4.910520135,0.691127496154822,-0.467150541580062,5604.500491,3.74853691154841,2.59025887381353,"diaspore"
"43","attb","diaspora","atabdiaspora",16.9463,1.22907489044519,48.2,23,22.7,1.28610236451015,5.07564502,0.705491240836757,-0.523583649608433,6232.126093,3.79463623172165,2.56556134127646,"diaspore"
"44","attb","diaspora","atabdiaspora",12.3477,1.09158606930963,46.4,20.7,20.5,1.19769230678307,5.1552102875,0.712246385398036,-0.379339683911592,5643.727091,3.75156600477431,2.65997993546468,"diaspore"
"45","attb","diaspora","atabdiaspora",13.3962,1.12698162276213,47,20.5,20.4,1.30167065456677,4.972296745,0.696557039291883,-0.430424583470242,5810.440142,3.76420903153006,2.63722740876793,"diaspore"
"46","attb","diaspora","atabdiaspora",14.3275,1.15617041712979,49.3,21.59,21.74,1.1825314326302,4.575296805,0.660419272521076,-0.495751144608711,6393.935819,3.80576827259972,2.64959785546994,"diaspore"
"47","attb","diaspora","atabdiaspora",14.0291,1.14702981090214,48.63,23.15,21.52,1.10594532383285,6.729661955,0.827993249251408,-0.319036561650729,6864.65502,3.83661871685683,2.68958890595469,"diaspore"
"48","attb","diaspora","atabdiaspora",12.1241,1.0836495097864,44.9,22,21,1.11625282477103,2.559564045,0.40816600086892,-0.675483508917484,4118.793012,3.61476996724048,2.53112045745407,"diaspore"
"49","bac2","diaspora","bac2diaspora",0.3516,-0.453951133598266,7.4,8.2,7.8,1.41876370344076,0.1088576115,-0.963141198989642,-0.509190065391376,239.2822607,2.37891050318649,2.83286163678476,"diaspore"
"50","bac2","diaspora","bac2diaspora",0.3552,-0.449527042893437,7.2,8.4,8,1.40207926057146,0.15672706875,-0.804855988895098,-0.355328946001662,278.9991933,2.44560294755365,2.89512999044709,"diaspore"
"51","bacm","diaspora","bacmdiaspora",5.9815,0.776810107071012,27.6,18.5,17.6,1.27121206615769,1.5532825805,0.191250471818693,-0.585559635252319,1980.943306,3.29687204633931,2.5200619392683,"diaspore"
"52","bacm","diaspora","bacmdiaspora",5.7456,0.759335387781998,27.3,19.1,18.7,1.12537987547259,0.70269262725,-0.153234603117739,-0.912569990899737,1304.284454,3.11537231787626,2.35603693009426,"diaspore"
"53","broa","diaspora","broadiaspora",1.3249,0.122183100093868,10.7,14.6,14.4,1.12482601514132,0.2563994885,-0.591082845541087,-0.713265945634955,191.2296756,2.28155528830242,2.15937218820856,"diaspore"
"55","bunc","diaspora","buncdiaspora",1.3799,0.139847614646311,18.4,12,10.2,1.17017213327209,0.2710377785,-0.566970170931535,-0.706817785577846,230.4562757,2.36258853916815,2.22274092452184,"diaspore"
"56","bunc","diaspora","buncdiaspora",1.141,0.0572856444182146,17,11,9.5,1.22665323997424,0.302856059,-0.518763733329906,-0.576049377748121,230.4562757,2.36258853916815,2.30530289474994,"diaspore"
"57","bunc","diaspora","buncdiaspora",1.2093,0.0825340528727136,18.1,13.1,7.9,1.23298691798356,0.17548585375,-0.755757887095212,-0.838291939967926,235.3596007,2.37173191858054,2.28919786570783,"diaspore"
"58","bunc","diaspora","buncdiaspora",1.1155,0.0474695746198565,18,12.6,7.7,1.21993636376698,0.42157540225,-0.375124736929139,-0.422594311548996,338.329426,2.52933977193419,2.48187019731433,"diaspore"
"59","bunc","diaspora","buncdiaspora",1.228,0.0891983668051489,17.1,11.6,9.9,1.19429179952488,0.19896679525,-0.701219395162814,-0.790417761967963,215.7463006,2.33394335760727,2.24474499080212,"diaspore"
"60","bunc","diaspora","buncdiaspora",0.8558,-0.067627717852086,15.6,9.8,9.2,1.16207767642178,0.092116143,-1.03566425469483,-0.968036536842746,117.6798003,2.07070192273204,2.13832964058412,"diaspore"
"61","bunc","diaspora","buncdiaspora",0.9079,-0.0419619839016631,16.4,10.2,9.4,1.10272576111246,0.130553871,-0.884210246560182,-0.842248262658519,166.7130505,2.22196959825806,2.26393158215973,"diaspore"
"62","bunc","diaspora","buncdiaspora",0.8669,-0.0620309970485472,17.5,11.2,7.1,1.18975067691605,0.163514457,-0.786443843506703,-0.724412846458156,245.1662507,2.38946068548931,2.45149168253785,"diaspore"
"63","bunc","diaspora","buncdiaspora",1.1465,0.0593740590659577,17.2,11.3,9.6,1.17353842261048,0.17775381575,-0.75018106772122,-0.809555126787178,191.2296756,2.28155528830242,2.22218122923647,"diaspore"
"64","bunc","diaspora","buncdiaspora",0.8683,-0.0613301989773208,18.3,10.9,7.1,1.170941618557,0.09545246225,-1.02021286425517,-0.958882665277846,171.6163755,2.23455872552887,2.29588892450619,"diaspore"
"65","cal2","diaspora","cal2diaspora",8.8136,0.9451533364241,28.7,26.4,26.1,0.851193665863688,1.3597349795,0.13345427001981,-0.81169906640429,362.8460511,2.55972240096087,1.61456906453677,"diaspore"
"66","cal2","diaspora","cal2diaspora",10.2722,1.0116634665319,28.5,28.1,28,0.874894392437625,1.88298357675,0.274846532147332,-0.736816934384573,470.7192014,2.67276191424452,1.66109844771262,"diaspore"
"67","cal2","diaspora","cal2diaspora",7.1099,0.851863492466249,24.6,23,22.5,1.06664378922028,0.90581479425,-0.0429605904661883,-0.894824082932438,328.522776,2.51656548393608,1.66470199146983,"diaspore"
"68","cal2","diaspora","cal2diaspora",10.967,1.04008784346988,30,28.2,27.4,0.903583507215829,3.1252280075,0.494881707691871,-0.54520613577801,686.465502,2.83661871685683,1.79653087338695,"diaspore"
"69","cal2","diaspora","cal2diaspora",6.6216,0.820962942190791,27.2,24.2,23.4,0.821039766632772,0.9962441825,-0.00163420162145245,-0.822597143812244,269.6828758,2.43085337069584,1.60989042850505,"diaspore"
"70","cand","diaspora","canddiaspora",0.9201,-0.0361649692978521,19.1,11.7,7.9,0.995382699496512,0.2865063645,-0.542865726099631,-0.506700756801779,348.136076,2.54174902987985,2.5779139991777,"diaspore"
"71","cand","diaspora","canddiaspora",0.9197,-0.0363538135151567,18.8,11.6,8.3,0.970406357973748,0.1252985735,-0.902053873336297,-0.86570005982114,299.1028259,2.47582051623085,2.512174329746,"diaspore"
"72","cand","diaspora","canddiaspora",0.8683,-0.0613301989773208,18.8,12,7.6,0.967204906821758,0.1305610065,-0.884186510583848,-0.822856311606527,313.8128009,2.49667065514271,2.55800085412003,"diaspore"
"73","cand","diaspora","canddiaspora",0.923,-0.0347982989740879,19.3,12.3,7.5,0.990100762281946,0.17632847425,-0.753677550371555,-0.718879251397468,465.8158764,2.6682142865074,2.70301258548149,"diaspore"
"74","cand","diaspora","canddiaspora",1.0401,0.0170750963760591,18.4,12.2,9,0.983232693691378,0.2693430235,-0.569694269030936,-0.586769365406995,259.8762258,2.414766550851,2.39769145447494,"diaspore"
"75","cand","diaspora","canddiaspora",1.0558,0.0235816576649397,18.8,12.2,8.5,1.03429977379361,0.3179827965,-0.497596375572876,-0.521178033237816,308.9094759,2.48983123063218,2.46624957296724,"diaspore"
"76","cand","diaspora","canddiaspora",1.0443,0.0188252780039508,17.7,12,9.5,0.988435962360192,0.18884842875,-0.723886624222972,-0.742711902226923,240.2629257,2.38068676120711,2.36186148320316,"diaspore"
"77","clij","diaspora","clijdiaspora",0.5099,-0.292514988032526,10.9,9.3,7.2,1.33427222851201,0.0608727995,-1.21557672487021,-0.923061736837686,98.06650029,1.99152067686155,2.28403566489408,"diaspore"
"78","clij","diaspora","clijdiaspora",0.6039,-0.219034970391683,11,11.3,7.4,1.25390189558647,0.0770311365,-1.11333369460877,-0.894298724217092,147.0997504,2.1676119358139,2.38664690620559,"diaspore"
"79","colg","diaspora","colgdiaspora",0.0148,-1.82973828460504,3.2,2.8,2,1.57733916814289,0.01325928525,-1.87747988621384,-0.0477416016088022,53.44624266,1.72791717915404,3.55765546375908,"diaspore"
"80","colg","diaspora","colgdiaspora",0.0159,-1.79860287567955,3.1,2.8,2.1,1.66594048397705,0.007888849,-2.10298635666551,-0.304383480985957,44.62025763,1.64953207349969,3.44813494917924,"diaspore"
"81","cont","diaspora","contdiaspora",0.3902,-0.408712734941501,11.2,7.7,6.7,1.28974868041545,0.1864608955,-0.729412234360726,-0.320699499419225,191.2296756,2.28155528830242,2.69026802324392,"diaspore"
"82","cont","diaspora","contdiaspora",0.395,-0.40340290437354,11.5,7.9,6.7,1.23936360616661,0.187854452,-0.726178508047377,-0.322775603673837,186.3263505,2.27027427769551,2.67367718206905,"diaspore"
"83","cont","diaspora","contdiaspora",0.3804,-0.419759491734624,11.2,7.8,6.7,1.24123627095615,0.17090041475,-0.767256883309586,-0.347497391574963,166.7130505,2.22196959825806,2.64172908999269,"diaspore"
"84","copa","diaspora","copadiaspora",1.406,0.147985320683805,16.3,11.6,9.3,1.52706722525509,0.84077754175,-0.0753188973893185,-0.223304218073124,750.2087272,2.87518211200446,2.72719679132066,"diaspore"
"87","copa","diaspora","copadiaspora",1.825,0.261262868792493,17.6,13.4,10.1,1.46327315956468,0.960769573,-0.0173807592348785,-0.278643628027372,769.8220272,2.88639033356365,2.62512746477116,"diaspore"
"88","copa","diaspora","copadiaspora",1.6566,0.219217657022907,17.8,12.4,10,1.43343283105854,0.42318085725,-0.373473986007665,-0.592691643030572,441.2992513,2.64473319063198,2.42551553360907,"diaspore"
"89","copa","diaspora","copadiaspora",1.3461,0.129077324252737,16.7,12.3,9.2,1.36040835971324,0.18216281675,-0.73954026692561,-0.868617591178347,343.232751,2.53558872119285,2.40651139694011,"diaspore"
"90","copa","diaspora","copadiaspora",1.8565,0.268694953562178,18.5,13.5,10,1.41968121009059,0.35573488175,-0.44887354777795,-0.717568501340128,544.2690766,2.73581365997665,2.46711870641447,"diaspore"
"91","copa","diaspora","copadiaspora",1.9521,0.290502061453518,18,12.8,11,1.4710528617883,0.58076929325,-0.235996353955043,-0.526498415408561,578.5923517,2.76237268849544,2.47187062704192,"diaspore"
"92","copa","diaspora","copadiaspora",1.5082,0.178458936452201,16.3,12.8,10.2,1.35351342684949,1.53867715625,0.187147506142461,0.00868856969025967,941.4384027,2.97379190986237,2.79533297341017,"diaspore"
"93","couc","diaspora","coucdiaspora",0.2173,-0.662940273679476,8.2,6.2,4.4,1.8552519026108,0.182413419,-0.738943216537809,-0.0760029428583337,259.8762258,2.414766550851,3.07770682453048,"diaspore"
"94","couc","diaspora","coucdiaspora",0.2041,-0.690156995283929,8.3,6.4,5,1.46762909119228,0.12025625575,-0.919892322296844,-0.229735327012914,191.2296756,2.28155528830242,2.97171228358635,"diaspore"
"95","couc","diaspora","coucdiaspora",0.3301,-0.481354475669688,10.5,7.8,5.2,1.48033380430078,0.19705906075,-0.705403591535453,-0.224049115865765,284.3928508,2.4539186746979,2.93527315036759,"diaspore"
"96","couc","diaspora","coucdiaspora",0.3124,-0.505288974794737,10.4,7.2,5.1,1.56234301853658,0.490549641,-0.309317037781441,0.195971937013296,465.8158764,2.6682142865074,3.17350326130214,"diaspore"
"98","couc","diaspora","coucdiaspora",0.1839,-0.735418270761922,9.2,6.5,3.9,1.50597345174168,0.43438423025,-0.362125949624829,0.373292321137093,485.4291764,2.68612587576336,3.42154414652529,"diaspore"
"99","couc","diaspora","coucdiaspora",0.2538,-0.595508382241314,10.1,7.1,4.4,1.53624540345798,0.41240409175,-0.384677034427244,0.21083134781407,441.2992513,2.64473319063198,3.24024157287329,"diaspore"
"100","couc","diaspora","coucdiaspora",0.2545,-0.594312213327222,9.6,7.1,4.4,1.62071594977942,0.1779931745,-0.749596651251898,-0.155284437924676,274.5862008,2.43867870818479,3.03299092151202,"diaspore"
"101","cuek","diaspora","cuekdiaspora",12.7584,1.1057962139823,42.1,31.2,21.7,0.854872148209618,1.0036971695,0.00160269940907418,-1.10419351457323,485.4291764,2.68612587576336,1.58032966178106,"diaspore"
"102","cuek","diaspora","cuekdiaspora",9.4738,0.976524212161707,30,31.4,22.5,0.853674224976078,1.19241326975,0.0764268004259526,-0.900097411735755,509.9458015,2.70752402048954,1.73099980832783,"diaspore"
"103","cuek","diaspora","cuekdiaspora",14.9507,1.17466152704308,44,30.4,23.2,0.920128875063418,1.651049925,0.217760205803187,-0.956901321239894,642.3355769,2.80776197685368,1.63310044981059,"diaspore"
"105","cupl","diaspora","cupldiaspora",0.7075,-0.150273555803672,14.3,11,7.5,1.14534898652273,0.05966149725,-1.22430585189159,-1.07403229608792,87.76951776,1.94334371217969,2.09361726798337,"diaspore"
"106","cupl","diaspora","cupldiaspora",0.7352,-0.133594501621945,14,10.6,7.9,1.1976940273755,0.070832999,-1.14976437020812,-1.01616986858618,122.5831254,2.08843069000247,2.22202519162441,"diaspore"
"107","cupl","diaspora","cupldiaspora",0.6332,-0.198459093809682,13.1,9.9,7.6,1.22693682464405,0.02346530875,-1.629573727088,-1.43111463327832,41.18793012,1.61476996724048,1.81322906105016,"diaspore"
"108","cupl","diaspora","cupldiaspora",0.683,-0.165579296318467,12.6,10.1,7.7,1.33118813267161,0.0762442365,-1.11779298018905,-0.952213683870582,119.1507978,2.07609695460507,2.24167625092354,"diaspore"
"109","desi","diaspora","desidiaspora",0.5803,-0.23634742943547,13.2,7.7,7.6,1.43474823644173,0.083976216,-1.07584369873052,-0.839496269295051,250.0695757,2.39806085722691,2.63440828666238,"diaspore"
"110","desi","diaspora","desidiaspora",0.6539,-0.184488662637236,13.4,8.1,7.9,1.45645076009251,0.072877711,-1.13740527648073,-0.952916613843495,220.6496256,2.34370319486958,2.52819185750682,"diaspore"
"111","desi","diaspora","desidiaspora",0.4874,-0.312114475151294,13.1,7.1,6.9,1.45046805183154,0.07209433525,-1.14209885825306,-0.829984383101769,230.4562757,2.36258853916815,2.67470301431945,"diaspore"
"112","desi","diaspora","desidiaspora",0.4942,-0.306097258933939,13.3,7,7,1.44829288708328,0.09437351,-1.02514989209268,-0.719052633158737,259.8762258,2.414766550851,2.72086380978494,"diaspore"
"113","desi","diaspora","desidiaspora",0.452,-0.344861565188618,12.2,7,6.7,1.50871475991898,0.08360560975,-1.07776458139192,-0.732903016203306,259.8762258,2.414766550851,2.75962811603962,"diaspore"
"114","desi","diaspora","desidiaspora",0.4061,-0.391367010509963,11.6,6.8,6.8,1.4459675692702,0.08701479625,-1.06040689240029,-0.669039881890327,245.1662507,2.38946068548931,2.78082769599927,"diaspore"
"115","desp","diaspora","despdiaspora",0.2438,-0.612966298717637,11.2,8.8,4.2,1.12482534571556,0.28021311075,-0.552511548589247,0.0604547501283899,433.9442638,2.63743395191216,3.2504002506298,"diaspore"
"116","dipp","diaspora","dippdiaspora",9.9611,0.998307300025275,38.7,24.2,17,1.19490512911682,2.53836685,0.404554387426707,-0.593752912598568,2564.438982,3.40899236996603,2.41068506994076,"diaspore"
"117","dipp","diaspora","dippdiaspora",11.1674,1.04795207221237,44.4,24.4,16.7,1.17886529432347,2.5970227175,0.41447574864422,-0.633476323568146,2667.408808,3.42608958091399,2.37813750870162,"diaspore"
"118","dipp","diaspora","dippdiaspora",16.2667,1.21129945722985,44.6,27.7,20.9,1.20320581186288,5.65566229,0.75248346904057,-0.458815988189275,5021.004815,3.70079063785053,2.48949118062069,"diaspore"
"119","dipp","diaspora","dippdiaspora",13.9089,1.14329278471381,43.4,25.9,19.1,1.23728942641127,4.07351914,0.609969761244883,-0.533323023468929,3829.496836,3.58314171503807,2.43984893032426,"diaspore"
"120","dipp","diaspora","dippdiaspora",16.1189,1.20733540097836,46.9,26.5,19.8,1.25098721643142,2.8260191975,0.451175107739008,-0.756160293239348,3991.306562,3.60111508610821,2.39377968512985,"diaspore"
"121","elao","fruto","elaofruto",4.5324,0.65632823087515,26.5,17.4,15.5,1.21116353863993,1.4079557125,0.148588994209953,-0.507739236665197,2128.043056,3.32798041065029,2.67165217977514,"fruit"
"122","elao","fruto","elaofruto",4.0811,0.610777236507186,25.2,17.7,14.9,1.17278536716363,1.50705996325,0.17813053246759,-0.432646704039595,2289.852782,3.35980756180702,2.74903032529984,"fruit"
"123","elao","fruto","elaofruto",3.2942,0.517749962854259,23.3,16.4,13.6,1.21063343252194,0.96829261625,-0.013993379862227,-0.531743342716486,1608.290605,3.20636452497514,2.68861456212088,"fruit"
"124","elao","fruto","elaofruto",2.7051,0.432183324394695,21.2,15,13.9,1.16880694056709,0.5420011765,-0.265999770755149,-0.698183095149844,1132.668078,3.05410266095571,2.62191933656102,"fruit"
"125","elao","fruto","elaofruto",3.7384,0.572685768016257,25,15.7,15.3,1.18892936531483,0.7626008565,-0.117702711292856,-0.690388479309113,1426.867579,3.15438367011667,2.58169790210041,"fruit"
"126","elao","fruto","elaofruto",2.7696,0.442417050531319,18.7,16.2,14.4,1.21254904818147,0.57497906025,-0.240347971281621,-0.68276502181294,892.4051526,2.95056206916367,2.50814501863235,"fruit"
"127","elao","fruto","elaofruto",2.7915,0.445837632186448,20.2,16.1,14,1.17093753759923,0.586057889,-0.232059483586768,-0.677897115773216,1152.281378,3.06155854331572,2.61572091112927,"fruit"
"128","elao","fruto","elaofruto",2.6743,0.427210124330789,19.9,15.3,13.5,1.24260537052921,0.5157076075,-0.287596462017947,-0.714806586348735,1225.831254,3.08843069000247,2.66122056567168,"fruit"
"129","entm","diaspora","entmdiaspora",38.6931,1.58763352576572,57.4,57.1,21,1.07366206336791,20.004595735,1.30112977931748,-0.286503746448241,11488.49051,4.06026296983334,2.47262944406762,"diaspore"
"130","entm","diaspora","entmdiaspora",37.3622,1.57243244089129,55.7,54.5,21.6,1.08824923360511,15.19116725,1.18159114520959,-0.390841295681708,9502.643878,3.9778444539077,2.40541201301641,"diaspore"
"131","entm","diaspora","entmdiaspora",29.4343,1.46885371197587,53,50,21.5,0.986667347036372,12.5769221625,1.09957437311347,-0.3692793388624,8742.628501,3.94164202438021,2.47278831240434,"diaspore"
"132","entm","diaspora","entmdiaspora",31.6451,1.50030647240366,58.4,50.8,20.1,1.01352679146281,16.95959572,1.22941549540502,-0.270890976998641,10654.92526,4.02755040766041,2.52724393525675,"diaspore"
"133","entm","diaspora","entmdiaspora",39.5637,1.59729690007485,58.2,56.4,20.8,1.10670750270049,11.0945111775,1.04510817203976,-0.552188728035089,7806.093423,3.89243374459455,2.2951368445197,"diaspore"
"134","entm","diaspora","entmdiaspora",42.7195,1.63062616095609,61.2,55.8,22.8,1.04786918848309,13.1271776475,1.11817136250426,-0.512454798451827,9051.537976,3.95672237785067,2.32609621689458,"diaspore"
"135","entm","diaspora","entmdiaspora",32.3054,1.50927512277031,58.3,55.6,18.4,1.03446387987041,17.1920448475,1.23532753539383,-0.273947587376483,11356.10073,4.05522923611598,2.54595411334567,"diaspore"
"136","entm","diaspora","entmdiaspora",35.2153,1.5467313925094,56,52.8,20.7,1.09885521901155,27.743824875,1.44316633444443,-0.103565058064968,12591.73864,4.10008570068972,2.55335430818032,"diaspore"
"139","ents","diaspora","entsdiaspora",0.0512,-1.29073003902417,7.1,3.8,2.1,1.72587802315049,0.03704747975,-1.43124133067781,-0.140511291653636,186.3263505,2.27027427769551,3.56100431671968,"diaspore"
"140","ents","diaspora","entsdiaspora",0.0541,-1.26680273489343,6.7,3.8,2.2,1.84466523343674,0.13478792625,-0.870349008378164,0.396453726515266,309.8901409,2.49120775945697,3.75801049435041,"diaspore"
"141","ents","diaspora","entsdiaspora",0.065,-1.18708664335714,7.4,4.2,2.3,1.73662435806164,0.182921932,-0.737734220299731,0.449352423057414,322.1484534,2.50805605068638,3.69514269404352,"diaspore"
"142","ents","diaspora","entsdiaspora",0.0538,-1.26921772433361,7,3.7,2.1,1.88914196102459,0.10892003525,-0.962892226780494,0.306325497553117,285.8638483,2.45615923588769,3.7253769602213,"diaspore"
"143","ents","diaspora","entsdiaspora",0.0647,-1.1890957193313,7.6,3.8,2.5,1.71146672876105,0.04105644675,-1.38661863956461,-0.197522920233312,144.1577554,2.1588380115305,3.3479337308618,"diaspore"
"144","ents","diaspora","entsdiaspora",0.0609,-1.21538270736712,7,4.1,2.4,1.68859512792621,0.16709259975,-0.777042783852315,0.43833992351481,334.8970985,2.52491138489162,3.74029409225874,"diaspore"
"145","ents","diaspora","entsdiaspora",0.0559,-1.25258819211358,6.9,3.8,2.1,1.93892586222882,0.044577096,-1.35088822729264,-0.0983000351790608,195.6426681,2.29146357693194,3.54405176904551,"diaspore"
"147","farl","diaspora","farldiaspora",1.047,0.0199466816788423,9.3,12.5,12.2,1.40992258417527,0.02913949475,-1.53551798273725,-1.55546466441609,142.1964254,2.15288867903392,2.13294199735508,"diaspore"
"148","farl","diaspora","farldiaspora",0.6933,-0.159078799801228,8,10.8,10.4,1.47358603159203,0.034976648,-1.45622181363543,-1.2971430138342,127.4864504,2.10546402924674,2.26454282904797,"diaspore"
"149","farl","diaspora","farldiaspora",0.7914,-0.101603954069991,9,11,11,1.38793633016998,0.06832600275,-1.16541398589807,-1.06381003182808,142.1964254,2.15288867903392,2.25449263310391,"diaspore"
"150","farl","diaspora","farldiaspora",0.6741,-0.171275672861209,8.1,10.5,10.3,1.46965082294134,0.02377889675,-1.62380829885534,-1.45253262599413,112.7764753,2.05221851708616,2.22349418994737,"diaspore"
"151","farl","diaspora","farldiaspora",0.8853,-0.0529095357803781,8.6,11.8,11.8,1.4119827013013,0.156484618,-0.805528345951642,-0.752618810171264,225.5529507,2.35324851294269,2.40615804872307,"diaspore"
"152","farl","diaspora","farldiaspora",0.8805,-0.0552706396967043,8.7,11.6,11.5,1.44895752874336,0.03140118625,-1.50305394517207,-1.44778330547537,122.5831254,2.08843069000247,2.14370132969917,"diaspore"
"153","farl","diaspora","farldiaspora",0.4058,-0.391687957302673,6.4,8.9,8.8,1.5461825501155,0.033301353,-1.47753812119347,-1.0858501638908,98.06650029,1.99152067686155,2.38320863416423,"diaspore"
"154","farl","diaspora","farldiaspora",0.3869,-0.412401270278755,7,8.9,8.6,1.37915668704889,0.03529795525,-1.45225045181791,-1.03984918153915,98.06650029,1.99152067686155,2.40392194714031,"diaspore"
"155","farl","diaspora","farldiaspora",0.6423,-0.192262077985899,8.2,10.4,10.4,1.38311652043843,0.0947387105,-1.02347253080234,-0.831210452816438,176.5197005,2.24679318191073,2.43905525989663,"diaspore"
"156","faro","diaspora","farodiaspora",0.3008,-0.521722168080395,5.8,8.4,8,1.47394725622051,0.0330708595,-1.48055451777887,-0.958832349698478,93.16317527,1.96924428212476,2.49096645020516,"diaspore"
"159","guss","diaspora","gussdiaspora",19.7415,1.29538014818029,40,31.4,24,1.25077918353848,1.57460302275,0.197171080817664,-1.09820906736262,652.1422269,2.81434232214568,1.51896217396539,"diaspore"
"160","guss","diaspora","gussdiaspora",13.6904,1.1364161373418,32.4,31.2,21,1.23168206083824,0.28311901675,-0.548030958638381,-1.68444709598018,201.0363256,2.30327453792919,1.16685840058739,"diaspore"
"162","guss","diaspora","gussdiaspora",14.8943,1.17302009712602,32.1,32.2,22.8,1.20705128775495,0.316513562,-0.499607676561077,-1.67262777368709,230.4562757,2.36258853916815,1.18956844204214,"diaspore"
"165","guss","diaspora","gussdiaspora",10.3209,1.01371757015855,27.9,26.7,20.5,1.29077225628243,0.032050936,-1.49415928303442,-2.50787685319297,49.03325014,1.69049068115329,0.676773110994733,"diaspore"
"168","hylp","diaspora","hylpdiaspora",3.4925,0.54313641478622,56.3,19.8,14.2,0.421381886370607,2.23447443525,0.349175390236759,-0.193961024549461,1147.378053,3.05970653845896,2.51657012367274,"diaspore"
"169","hylp","diaspora","hylpdiaspora",1.6509,0.217720767530819,40.7,17.1,11.2,0.404495414750651,1.298997968,0.113608471714231,-0.104112295816588,652.1422269,2.81434232214568,2.59662155461486,"diaspore"
"170","hylp","diaspora","hylpdiaspora",2.98,0.474216264076255,53.6,17.4,13.4,0.455406060037417,1.0059584285,0.00258003375559637,-0.471636230320659,720.7887771,2.85780801592677,2.38359175185051,"diaspore"
"171","hylp","diaspora","hylpdiaspora",2.2359,0.349452375949913,48.4,13.7,8.9,0.723598767059481,0.576974365,-0.238843482141258,-0.588295858091171,382.4593511,2.58258528385285,2.23313290790294,"diaspore"
"172","hylp","diaspora","hylpdiaspora",1.9887,0.298569273737193,44.3,12.9,11.8,0.563242227808306,0.936491634,-0.0284960979725285,-0.327065371709721,637.4322519,2.80443403351463,2.50586475977744,"diaspore"
"173","hylp","diaspora","hylpdiaspora",2.5398,0.404799518857654,53.2,14.5,11,0.571647853204039,1.48607812575,0.172041641652171,-0.232757877205483,1014.988278,3.00646102665385,2.6016615077962,"diaspore"
"174","hylp","diaspora","hylpdiaspora",2.8053,0.447979311716165,55.1,22.4,10.7,0.405692794738745,1.2537422995,0.0982082785948329,-0.349771033121332,1103.248128,3.0426731992056,2.59469388748944,"diaspore"
"175","hylp","diaspora","hylpdiaspora",2.4312,0.385820687071886,66.1,13.7,12.4,0.413502703139761,1.4703675865,0.167425920348246,-0.21839476672364,995.3749779,2.99798671909181,2.61216603201992,"diaspore"
"176","hylp","diaspora","hylpdiaspora",2.3735,0.375389236054379,49.9,19.9,11.1,0.41125767213211,1.0135839615,0.00585972984780336,-0.369529506206575,882.5985026,2.94576318629596,2.57037395024158,"diaspore"
"178","hymc","diaspora","hymcdiaspora",6.7308,0.828066686057142,33.01,20.22,12.63,1.52488831888726,1.1359195725,0.0553475827341761,-0.772719103322965,1770.10033,3.2479978830457,2.41993119698855,"diaspore"
"179","hymc","diaspora","hymcdiaspora",6.5831,0.818430452254214,32.56,19.56,13.81,1.42950245221112,1.343500042,0.128237684345941,-0.690192767908273,2142.753031,3.33097211809979,2.51254166584558,"diaspore"
"180","hymc","diaspora","hymcdiaspora",5.204,0.716337287889549,24.31,20.29,15.43,1.30588740625626,1.3185005945,0.120080329948954,-0.596256957940595,1706.357105,3.23206992513245,2.5157326372429,"diaspore"
"181","hymc","diaspora","hymcdiaspora",6.6513,0.822906536678876,33.31,20.11,13.3,1.42583598155168,0.69596182225,-0.157414583436731,-0.980321120115606,1289.574479,3.11044642975014,2.28753989307126,"diaspore"
"182","hymc","diaspora","hymcdiaspora",5.8722,0.768800838702498,32.55,19.99,12.11,1.42329291086231,0.74244962225,-0.129333009379227,-0.898133848081725,1500.417454,3.17621210755266,2.40741126885017,"diaspore"
"183","hymc","diaspora","hymcdiaspora",5.9508,0.774575354338735,33.89,19.12,14.12,1.24217441120612,2.36967080875,0.374688018637438,-0.399887335701296,2436.952532,3.3868470698941,2.61227171555537,"diaspore"
"184","hymc","diaspora","hymcdiaspora",3.3118,0.520064101808785,26.92,16.37,12.74,1.1266066658922,0.55225595375,-0.257859593397978,-0.777923695206764,593.3023267,2.77327605147413,2.25321194966534,"diaspore"
"185","hymc","fruto","hymcfruto",111.7829,2.04837537239082,143.34,54.72,41.43,0.656974219965201,5.3199119925,0.725904447804867,-1.32247092458595,965.9550278,2.98495690733376,0.936581534942943,"fruit"
"186","hymc","fruto","hymcfruto",106.3506,2.02673994441227,135.21,45.09,37.59,0.886298365308107,1.60367098225,0.205115270899285,-1.82162467351299,956.1483778,2.9805252925476,0.95378534813533,"fruit"
"187","hymc","fruto","hymcfruto",199.7913,2.30057657275755,180,62.73,40.8,0.82826630631318,1.734566247,0.239190891181323,-2.06138568157623,804.1453023,2.90533452920315,0.604757956445597,"fruit"
"188","hymc","fruto","hymcfruto",111.6018,2.04767119929478,142.6,48.08,39.04,0.796303791334181,3.115303925,0.493500422266993,-1.55417077702779,926.7284277,2.96695248535184,0.919281286057059,"fruit"
"189","hymc","fruto","hymcfruto",66.789,1.82470494102824,112.34,47.07,34.93,0.690604040971518,2.09028809275,0.32020614662259,-1.50449879440566,789.4353273,2.89731655721044,1.0726116161822,"fruit"
"190","hymc","fruto","hymcfruto",63.6095,1.80352198183507,108.77,53.44,35.39,0.590564339232451,1.8744848685,0.272881938994178,-1.53064004284089,529.5591015,2.7239144366304,0.920392454795325,"fruit"
"191","hymc","fruto","hymcfruto",142.097,2.15258490905204,165,59.57,38.07,0.725256893819034,1.528428539,0.184245138290451,-1.96833977076159,637.4322519,2.80443403351463,0.651849124462593,"fruit"
"192","hymc","fruto","hymcfruto",136.461,2.13500854950941,161.06,59.18,32.19,0.849427456728621,2.78492517,0.444813530320274,-1.69019501918913,730.5954271,2.86367694957388,0.728668400064478,"fruit"
"193","hymc","fruto","hymcfruto",111.8543,2.04865268427866,152.51,52.4,35.81,0.746483362865645,1.71176055725,0.233443015050401,-1.81520966922826,573.6890267,2.75867654294638,0.710023858667725,"fruit"
"194","hymc","diaspora","hymcdiaspora",6.3583,0.803341015128119,28.45,19.49,15.38,1.42394084431916,1.45244941125,0.16210101486782,-0.641240000260299,2025.073231,3.30644073285644,2.50309971772832,"diaspore"
"195","hymc","diaspora","hymcdiaspora",6.3892,0.80544648298844,25.99,20.74,16.7,1.35555254895561,1.5400268195,0.187528284121811,-0.617918198866629,1843.650205,3.26567852601876,2.46023204303032,"diaspore"
"196","hymc","diaspora","hymcdiaspora",5.5127,0.741364358905962,26.13,20.01,14.13,1.42507288364489,1.8185595325,0.259727522719875,-0.481636836186087,2098.623106,3.32193445016811,2.58057009126215,"diaspore"
"197","hymc","fruto","hymcfruto",135.6125,2.13229972220673,160,56.1,40.2,0.717781404476603,1.839251631,0.264641149835638,-1.8676585723711,907.1151276,2.95766240956109,0.825362687354355,"fruit"
"198","hymc","diaspora","hymcdiaspora",6.8294,0.834382550221013,30.4,20,14.3,1.500183246713,0.931758731,-0.0306965290196759,-0.865079079240689,1843.650205,3.26567852601876,2.43129597579775,"diaspore"
"199","hymc","diaspora","hymcdiaspora",6.3001,0.799347442962076,30.7,18.9,13.8,1.50269054771121,0.980102711,-0.00872840952879353,-0.80807585249087,1936.813381,3.28708777688514,2.48774033392306,"diaspore"
"200","ingo","diaspora","ingodiaspora",0.8666,-0.062181315301644,22.18,8.37,6.09,1.46391469374137,0.31396645625,-0.50311674888126,-0.440935433579616,441.2992513,2.64473319063198,2.70691450593362,"diaspore"
"202","ingo","diaspora","ingodiaspora",0.6611,-0.179732842839035,19.04,8.4,6.18,1.2774203477271,0.333220543,-0.477268232245667,-0.297535389406632,438.8475888,2.64231371651571,2.82204655935475,"diaspore"
"203","ingo","diaspora","ingodiaspora",1.1674,0.0672196889741411,20.9,10.7,7.8,1.27819289805949,0.30703067425,-0.51281823366929,-0.580037922643431,289.2961758,2.4613426927564,2.39412300378226,"diaspore"
"204","ingo","diaspora","ingodiaspora",1.1076,0.0443829470735368,21.6,9.1,7.9,1.36226654123262,0.25824473475,-0.587968524376906,-0.632351471450443,215.7463006,2.33394335760727,2.28956041053373,"diaspore"
"205","inm2","diaspora","inm2diaspora",0.5898,-0.229295231784221,18.7,9.1,4.5,1.47099309217214,0.119892785,-0.921206951421319,-0.691911719637099,230.4562757,2.36258853916815,2.59188377095237,"diaspore"
"206","inm2","diaspora","inm2diaspora",0.4964,-0.304168227173308,19,8.4,4.2,1.41433071519543,0.32492095675,-0.488222276628651,-0.184054049455344,372.6527011,2.57130427347603,2.87547250064934,"diaspore"
"208","inpu","diaspora","inpudiaspora",0.3783,-0.422163658707256,14.6,7.2,4.8,1.43189485758333,0.166775963,-0.777866542959123,-0.355702884251867,225.5529507,2.35324851294269,2.77541217164994,"diaspore"
"213","inpu","diaspora","inpudiaspora",0.4856,-0.313721321932799,14.28,8.72,5.9,1.26236036917792,0.0996738035,-1.00141896897348,-0.687697647040684,181.4230255,2.25869240517719,2.57241372710999,"diaspore"
"214","insa","diaspora","insadiaspora",0.7699,-0.113565680371062,19.4,10.8,5.2,1.34960558955029,0.51606588875,-0.287294846253122,-0.17372916588206,612.9156268,2.78740069419677,2.90096637456783,"diaspore"
"215","insa","diaspora","insadiaspora",0.9384,-0.0276120008925272,19.5,11.1,6,1.3800046070449,0.58401328525,-0.233577273358251,-0.205965272465724,563.8823766,2.7511885214992,2.77880052239172,"diaspore"
"216","insa","diaspora","insadiaspora",0.9394,-0.0271494441527699,18.7,10.4,6.6,1.39776142945782,0.577060638,-0.238778548429872,-0.211629104277102,451.1059013,2.6542785085104,2.68142795266317,"diaspore"
"217","insa","diaspora","insadiaspora",0.9854,-0.00638744206110967,17.7,11.6,7,1.3094370954559,0.45604760225,-0.340989823310304,-0.334602381249194,367.7493761,2.56555194460404,2.57193938666514,"diaspore"
"218","insa","diaspora","insadiaspora",0.6967,-0.156954189465431,15.4,9.7,6.1,1.46024221012478,0.498861898,-0.302019665273615,-0.145065475808184,397.1693262,2.59897570010411,2.75592988956954,"diaspore"
"219","insa","diaspora","insadiaspora",0.7611,-0.118558278058607,16,10.2,6.3,1.41378182991645,0.50451374825,-0.29712699452567,-0.178568716467063,460.9125513,2.66361853473791,2.78217681279652,"diaspore"
"220","insa","diaspora","insadiaspora",0.7143,-0.146119349875458,15.5,11.1,6,1.32152718222076,0.6968753665,-0.156844886867963,-0.0107255369925053,465.8158764,2.6682142865074,2.81433363638286,"diaspore"
"221","insa","diaspora","insadiaspora",0.7888,-0.103033098066845,17.4,10.2,6.2,1.36907477928512,0.190097116,-0.7210244718499,-0.617991373783055,225.5529507,2.35324851294269,2.45628161100953,"diaspore"
"222","insa","diaspora","insadiaspora",0.6532,-0.184953823935369,16.2,10,5.9,1.30521040587101,0.49660301725,-0.303990646096306,-0.119036822160937,426.5892762,2.63000993375358,2.81496375768895,"diaspore"
"223","insa","diaspora","insadiaspora",0.7505,-0.124649303420711,17.2,11.5,5.3,1.36725625034398,0.38952857425,-0.409460678725877,-0.284811375305166,500.1391515,2.69909085297773,2.82374015639844,"diaspore"
"224","insa","diaspora","insadiaspora",0.6717,-0.172824651701307,17,10.3,5.1,1.43654886652771,0.3825657645,-0.417293897230811,-0.244469245529504,475.6225264,2.67726241545788,2.85008706715919,"diaspore"
"225","insa","diaspora","insadiaspora",0.7366,-0.132768285481106,17.1,10.8,5,1.52350267812203,0.5006221685,-0.300489922917861,-0.167721637436755,593.3023267,2.77327605147413,2.90604433695524,"diaspore"
"226","marp","diaspora","mar2diaspora",0.0913,-1.0395292224657,6.7,5,4.6,1.13153897243011,0.01067146475,-1.97177596584422,-0.932246743378524,19.61330006,1.29255067256982,2.33207989503552,"diaspore"
"229","marp","diaspora","mar2diaspora",0.0736,-1.1331221856625,5.6,4.7,4.1,1.30259513065055,0.008281337,-2.08189954185673,-0.948777356194232,14.70997504,1.1676119358139,2.3007341214764,"diaspore"
"230","marp","diaspora","mar2diaspora",0.0558,-1.25336580106242,5.1,4.1,3.8,1.34121359579065,0.00912266025,-2.03987849901517,-0.786512697952747,24.51662507,1.38946068548931,2.64282648655173,"diaspore"
"231","marp","diaspora","mar2diaspora",0.0531,-1.27490547891853,5.8,4.4,3.4,1.16878952768481,0.00597142775,-2.22392181798069,-0.949016339062161,19.61330006,1.29255067256982,2.56745615148835,"diaspore"
"232","marp","diaspora","mar2diaspora",0.0684,-1.16494389827988,5.2,4.4,4.4,1.29762374135636,0.01243022175,-1.90552112365583,-0.74057722537595,29.41995009,1.4686419316255,2.63358582990539,"diaspore"
"233","menl","diaspora","menldiaspora",0.5375,-0.269621531412357,16.8,8,6.9,1.1069588756715,0.0844883615,-1.07320311216806,-0.803581580755698,198.5846631,2.29794570444013,2.56756723585248,"diaspore"
"234","menl","diaspora","menldiaspora",0.4852,-0.314079207805465,16.6,7.7,6.8,1.06614050624759,0.156159354,-0.806431996263037,-0.492352788457572,226.5336157,2.3551326568114,2.66921186461687,"diaspore"
"235","moum","diaspora","moumdiaspora",0.111,-0.954677021213343,5.2,5.8,5.5,1.27799845791177,0.0340680795,-1.46765234797193,-0.512975326758584,49.03325014,1.69049068115329,2.64516770236663,"diaspore"
"236","moum","diaspora","moumdiaspora",0.103,-0.987162775294828,5.4,5.4,5.1,1.32275955284961,0.02439621325,-1.61267757908161,-0.625514803786786,44.12992513,1.64473319063198,2.63189596592681,"diaspore"
"237","moum","diaspora","moumdiaspora",0.1307,-0.883724412419456,5.6,6.1,5.5,1.32860662521465,0.035083527,-1.45489675283051,-0.571172340411051,69.1368827,1.839709793825,2.72343420624446,"diaspore"
"238","moum","diaspora","moumdiaspora",0.1349,-0.869988050328096,5.5,5.8,5.4,1.49564624333659,0.027234744,-1.56487670263465,-0.694888652306553,47.56225264,1.67726241545788,2.54725046578598,"diaspore"
"239","mucm","diaspora","mucmdiaspora",7.814,0.892873406888766,30.4,26.5,17.3,1.07080212384987,2.071111767,0.316203536112968,-0.576669870775797,1103.248128,3.0426731992056,2.14979979231684,"diaspore"
"240","mucm","diaspora","mucmdiaspora",9.3638,0.971452129092936,32.2,27.5,18.7,1.0799989536403,2.2120021735,0.34478554936801,-0.626666579724926,1240.541229,3.09361120248944,2.12215907339651,"diaspore"
"241","mucm","diaspora","mucmdiaspora",9.662,0.985067033150501,30,29.4,19.8,1.05665846227849,1.79196908925,0.253330513984623,-0.731736519165878,965.9550278,2.98495690733376,1.99988987418326,"diaspore"
"242","mucm","diaspora","mucmdiaspora",7.2775,0.861982214110848,28.2,25.1,18.3,1.07302458423603,1.789992812,0.252851287005031,-0.609130927105818,1068.924853,3.02894717473677,2.16696496062592,"diaspore"
"243","mucm","diaspora","mucmdiaspora",9.7195,0.987643924100533,31.3,29,19.2,1.06512784330015,1.827222719,0.261791486453557,-0.725852437646976,921.8251027,2.964648530449,1.97700460634847,"diaspore"
"244","mucm","diaspora","mucmdiaspora",6.6894,0.825387165843325,27.3,25,17.8,1.05163706760728,1.29583484325,0.112549653358777,-0.712837512484548,902.2118026,2.95530850417438,2.12992133833105,"diaspore"
"245","mucm","diaspora","mucmdiaspora",9.4467,0.975280123632554,31.5,29.1,18.5,1.06391328063701,2.7552036025,0.440153697625204,-0.53512642600735,1166.991353,3.06706763808625,2.09178751445369,"diaspore"
"246","mucm","diaspora","mucmdiaspora",9.1399,0.960941444127073,30.3,28.3,18.3,1.11240432330472,1.53218355025,0.185310795378671,-0.775630648748402,1255.251204,3.09873064660907,2.13778920248199,"diaspore"
"247","mucm","diaspora","mucmdiaspora",8.4347,0.926069640492239,30.3,25.9,18.7,1.09770847958972,1.8943447925,0.277459028443385,-0.648610612048855,1162.088028,3.06523902704455,2.13916938655231,"diaspore"
"248","myrz","diaspora","myrzdiaspora",0.9352,-0.0290955018462163,14.9,10,7.6,1.57726989875882,0.0800294995,-1.09674989915087,-1.06765439730466,102.9698253,2.01270997591251,2.04180547775873,"diaspore"
"249","myrz","diaspora","myrzdiaspora",0.8951,-0.0481284428716356,14.5,9.9,9.8,1.21518853186237,0.23562046825,-0.627786985268996,-0.57965854239736,181.4230255,2.25869240517719,2.30682084804883,"diaspore"
"250","myrz","diaspora","myrzdiaspora",1.0426,0.0181177205910003,16.1,9.9,7.9,1.58136068127721,0.430939151,-0.365584048286035,-0.383701768877035,225.5529507,2.35324851294269,2.33513079235169,"diaspore"
"251","myrz","diaspora","myrzdiaspora",1.0481,0.0204027209838782,15.8,9.9,8.2,1.56062286203762,0.0334637365,-1.47542556813357,-1.49582828911745,63.74322519,1.80443403351463,1.78403131253075,"diaspore"
"252","myrz","diaspora","myrzdiaspora",0.9528,-0.0209982515252789,14.6,10.1,8,1.54254879063432,0.1318445055,-0.879937964321454,-0.858939712796175,127.4864504,2.10546402924674,2.12646228077202,"diaspore"
"253","myrz","diaspora","myrzdiaspora",0.9565,-0.0193150256366853,14.8,9.9,7.9,1.57820113278593,0.05040134075,-1.29755791052706,-1.27824288489037,83.35652524,1.92093960254198,1.94025462817867,"diaspore"
"254","myrz","diaspora","myrzdiaspora",0.8916,-0.0498299401917999,14.7,9.7,7.5,1.59228610433533,0.21049839475,-0.676751211723207,-0.626921271531407,156.9064005,2.19564065961712,2.24547059980892,"diaspore"
"257","myrz","diaspora","myrzdiaspora",0.9718,-0.0124231052730126,15.1,9.8,8,1.56778051456316,0.15066584375,-0.821985191960117,-0.809562086687104,127.4864504,2.10546402924674,2.11788713451976,"diaspore"
"258","oenm","fruto","oenmfruto",5.2171,0.717429161244508,24.4,18.6,18.2,1.20630292363005,0.88658436225,-0.0522799331409342,-0.769709094385442,666.8522019,2.8240295895209,2.10660042827639,"fruit"
"259","oenm","diaspora","oenmdiaspora",3.3585,0.526145352634712,21.1,15.3,14.7,1.35162280109296,0.37025100575,-0.431503753087424,-0.957649105722135,593.3023267,2.77327605147413,2.24713069883942,"diaspore"
"260","oenm","fruto","oenmfruto",5.4403,0.735622849101157,23.8,19.4,19.1,1.17818142801739,0.89376750325,-0.0487754400267157,-0.784398289127872,730.5954271,2.86367694957388,2.12805410047273,"fruit"
"261","oenm","diaspora","oenmdiaspora",2.724,0.435207103240748,16.6,15.2,14.8,1.39314105098949,0.411609689,-0.385514410805354,-0.820721514046102,573.6890267,2.75867654294638,2.32346943970564,"diaspore"
"262","oenm","diaspora","oenmdiaspora",1.7949,0.254040257561709,15.1,13.1,13,1.33306105247371,0.52296642625,-0.281526191366739,-0.535566448928448,323.6194509,2.51003461666295,2.25599435910124,"diaspore"
"263","orma","diaspora","ormadiaspora",0.3556,-0.449038247701824,11,8.2,5.5,1.36896991163422,0.278371843,-0.555374695240183,-0.106336447538359,485.4291764,2.68612587576336,3.13516412346519,"diaspore"
"264","orma","diaspora","ormadiaspora",0.3303,-0.481091426308586,9.9,7.6,6,1.39736517020875,0.2225355235,-0.652600652419686,-0.171509226111101,446.2025763,2.64953207349969,3.13062349980827,"diaspore"
"265","orma","diaspora","ormadiaspora",0.3481,-0.458295976715712,10.7,8.4,5.7,1.29767961235539,0.17764765025,-0.75044053256085,-0.292144555845138,269.6828758,2.43085337069584,2.88914934741155,"diaspore"
"266","orma","diaspora","ormadiaspora",0.3633,-0.439734602137285,10.7,8.5,5.7,1.33841013455133,0.23396311975,-0.630852596228289,-0.191117994091004,524.6557765,2.71987445884015,3.15960906097744,"diaspore"
"267","ormc","diaspora","ormcdiaspora",0.5941,-0.226140447623313,10.8,9.8,7.5,1.42938702480567,0.2539578995,-0.595238273656796,-0.369097826033483,431.4926013,2.6349733533719,2.86111380099521,"diaspore"
"268","ormc","diaspora","ormcdiaspora",0.5629,-0.249568751339798,11,9.4,7.5,1.38627957394859,0.51311877075,-0.289782097829439,-0.0402133464896414,642.3355769,2.80776197685368,3.05733072819347,"diaspore"
"269","ormc","diaspora","ormcdiaspora",0.5939,-0.226286674722978,11,10.2,7.3,1.38483804413269,0.1862658625,-0.729866732255505,-0.503580057532527,441.2992513,2.64473319063198,2.87101986535496,"diaspore"
"270","ormc","diaspora","ormcdiaspora",0.5892,-0.229737261829407,11.5,9.6,7.3,1.39627892301585,0.80361206925,-0.0949535493138901,0.134783712515517,907.1151276,2.95766240956109,3.1873996713905,"diaspore"
"271","ormc","diaspora","ormcdiaspora",0.6275,-0.202386269846924,11.9,9.7,7.4,1.4030226830839,0.317305154,-0.498522873580077,-0.296136603733153,691.368827,2.839709793825,3.04209606367192,"diaspore"
"272","ormc","diaspora","ormcdiaspora",0.673,-0.171984935776023,11,10.8,7.8,1.38709242036837,0.2367342325,-0.62573893720867,-0.453754001432647,475.6225264,2.67726241545788,2.84924735123391,"diaspore"
"273","ormc","diaspora","ormcdiaspora",0.5763,-0.239351380418644,10.7,10.1,7.2,1.41453060830726,0.55397041125,-0.256513431253564,-0.0171620508349201,813.9519524,2.91059876923389,3.14995014965254,"diaspore"
"274","ormc","diaspora","ormcdiaspora",0.5069,-0.295077708776598,11,9.3,6.8,1.39167915565433,0.1643968625,-0.784106475189761,-0.489028766413162,372.6527011,2.57130427347603,2.86638198225263,"diaspore"
"275","ormc","diaspora","ormcdiaspora",0.3975,-0.400662867007511,10.5,8.5,6.1,1.39444198658831,0.1212193125,-0.916428183436906,-0.515765316429395,392.2660011,2.59358066812309,2.9942435351306,"diaspore"
"276","ormc","fruto","ormcfruto",0.6242,-0.204676235670686,10.7,10.5,7.7,1.37803846483396,0.25491792925,-0.593599618039932,-0.388923382369246,465.8158764,2.6682142865074,2.87289052217808,"fruit"
"277","pouf","diaspora","paufdiaspora",189.8604,2.27843439151482,131.1,51.1,52.7,1.02707359042636,1.291655687,0.111146760435766,-2.16728763107905,1318.994429,3.12024296123274,0.841808569717924,"diaspore"
"278","paut","diaspora","pautdiaspora",0.2213,-0.655018586072742,10.3,7,5.8,1.01069364119479,0.0273204115,-1.56351276359836,-0.908494177525618,53.93657516,1.73188336635982,2.38690195243257,"diaspore"
"279","paut","diaspora","pautdiaspora",0.2428,-0.61475131759678,10.9,6.4,6.1,1.08971706786863,0.04457564725,-1.35090234203791,-0.736151024441131,78.45320023,1.89461066384243,2.50936198143921,"diaspore"
"280","paut","diaspora","pautdiaspora",0.2259,-0.646083769079637,10.2,6.6,6.5,0.985961926352918,0.03621409175,-1.44112240243923,-0.795038633359592,53.93657516,1.73188336635982,2.37796713543946,"diaspore"
"281","paut","diaspora","pautdiaspora",0.2362,-0.626720106722504,9.8,6.5,5.9,1.20030005773799,0.043315284,-1.36335883377038,-0.736638727047874,63.74322519,1.80443403351463,2.43115414023713,"diaspore"
"282","paut","diaspora","pautdiaspora",0.2612,-0.583026827396964,9.8,7.6,6,1.11630695852855,0.016268827,-1.7886437590356,-1.20561693163864,39.22660011,1.59358066812309,2.17660749552005,"diaspore"
"283","paut","diaspora","pautdiaspora",0.2828,-0.548520594875138,9.8,7.7,6.4,1.11836613536281,0.02764496225,-1.55838399876659,-1.00986340389145,49.03325014,1.69049068115329,2.23901127602843,"diaspore"
"284","paut","diaspora","pautdiaspora",0.2376,-0.624153563690844,9.1,7,5.9,1.20741445266108,0.0226078335,-1.64574105393401,-1.02158749024317,49.03325014,1.69049068115329,2.31464424484413,"diaspore"
"285","paut","diaspora","pautdiaspora",0.2124,-0.672845487590569,8.6,7.2,6,1.09187693516533,0.02409760925,-1.61802604211541,-0.945180554524846,49.03325014,1.69049068115329,2.36333616874386,"diaspore"
"286","paut","diaspora","pautdiaspora",0.1573,-0.803271277376713,8.6,6.5,5.8,0.926595739251933,0.0323521345,-1.49009706055972,-0.686825783183003,53.93657516,1.73188336635982,2.53515464373654,"diaspore"
"288","plae","diaspora","plaefruto",1.4378,0.157698479275516,101.73,24.95,10.19,0.1061710417077,1.16550307625,0.0665134241428562,-0.09118505513266,784.0416698,2.89433914493353,2.73664066565802,"diaspore"
"289","plae","diaspora","plaediaspora",1.7857,0.251808498624047,96.2,24.1,11.5,0.127914542345757,1.6309171735,0.212431905856162,-0.0393765927678851,769.8220272,2.88639033356365,2.6345818349396,"diaspore"
"290","plae","diaspora","plaediaspora",1.683,0.226084115975824,103.3,21.7,12.1,0.11850592594232,1.578620831,0.198277829324955,-0.0278062866508692,505.0424765,2.70332790590833,2.47724378993251,"diaspore"
"291","posl","diaspora","posldiaspora",0.4842,-0.314975214894286,11.8,8.2,7.4,1.29151240927839,0.27931241275,-0.553909763657949,-0.238934548763663,235.3596007,2.37173191858054,2.68670713347483,"diaspore"
"292","posl","diaspora","posldiaspora",0.5316,-0.274415027729306,12.2,8.6,7.7,1.25671657437431,0.15694841625,-0.804243062361875,-0.529828034632569,132.3897754,2.12185444538444,2.39626947311375,"diaspore"
"293","posl","diaspora","posldiaspora",0.4608,-0.336487529584844,10,8.7,6.8,1.4875983321855,0.135594243,-0.867758749159283,-0.531271219574439,171.6163755,2.23455872552887,2.57104625511371,"diaspore"
"294","posl","diaspora","posldiaspora",0.4688,-0.329012396989966,10.5,8.5,7.4,1.35565455046978,0.0570158155,-1.24400465956156,-0.914992262571592,98.06650029,1.99152067686155,2.32053307385152,"diaspore"
"295","posl","diaspora","posldiaspora",0.3949,-0.403512866263456,9.51,7.58,7.24,1.44510772514939,0.177566718,-0.750638432383227,-0.347125566119771,197.6039981,2.29579572737308,2.69930859363653,"diaspore"
"296","posl","diaspora","posldiaspora",0.425,-0.371611069949688,11.99,8.64,5.58,1.40418129400894,0.239150026,-0.621329567576228,-0.24971849762654,333.426101,2.52299959392204,2.89461066387173,"diaspore"
"297","posl","diaspora","posldiaspora",0.2926,-0.533725678210708,9.86,7.51,6.34,1.19033605822461,0.12675535375,-0.897033688365599,-0.363308010154891,128.4671154,2.10879197258527,2.64251765079598,"diaspore"
"298","posl","diaspora","posldiaspora",0.3201,-0.494714325855868,9.77,7.65,6.71,1.21901354923423,0.12093930375,-0.917432535964933,-0.422718210109065,177.010033,2.2479978830457,2.74271220890156,"diaspore"
"299","posl","diaspora","posldiaspora",0.3445,-0.462810773756355,10.03,8.88,5.94,1.24362733746068,0.23583368575,-0.627394161537472,-0.164583387781116,317.7354609,2.50206568701404,2.9648764607704,"diaspore"
"300","pouf","diaspora","poufdiaspora",154.2972,2.18835804508076,116.5,54,51.7,0.906043803397459,2.6105526475,0.416732456132514,-1.77162558894824,1686.743805,3.22704912377219,1.03869107869143,"diaspore"
"301","pouf","diaspora","poufdiaspora",165.3204,2.2183264474056,122,53.7,52.8,0.912766697122661,1.87673776225,0.273403592619082,-1.94492285478652,1372.931004,3.13764871252081,0.919322265115216,"diaspore"
"302","pric","fruto","pricfruto",46.1351,1.66403146630196,82.2,59.1,20,0.906866898247298,3.1727834225,0.501440427718646,-1.16259103858332,1000.278303,3.00012084864171,1.33608938233975,"fruit"
"303","pric","fruto","pricfruto",55.4486,1.74389058529221,76.3,68.1,24.8,0.821804721898282,4.42468134,0.645881998816239,-1.09800858647597,1436.674229,3.15735830147656,1.41346771618436,"fruit"
"304","pric","fruto","pricfruto",58.4681,1.76691898107992,64.7,65,27.1,0.979790965514716,5.17669441,0.714052528519062,-1.05286645256086,1716.163755,3.23455872552887,1.46763974444894,"fruit"
"305","pric","fruto","pricfruto",49.5852,1.69535206928308,76.6,67.9,20,0.910384610012449,2.92033065,0.465432026565103,-1.22992004271797,848.2752275,2.92853678432202,1.23318471503894,"fruit"
"306","pric","fruto","pricfruto",49.1684,1.69168607604536,80.4,68.4,22.5,0.758914385569186,2.9978411525,0.476808617031144,-1.21487745901422,902.2118026,2.95530850417438,1.26362242812902,"fruit"
"307","pric","fruto","pricfruto",64.9999,1.81291268849698,78,70.3,24.8,0.912877404660537,4.000026275,0.602062844090471,-1.21084984440651,1348.414379,3.12982337503186,1.31691068653488,"fruit"
"308","pric","fruto","pricfruto",96.5858,1.98491328133315,95.4,76.8,33,0.762941298921069,7.7051078725,0.886778723275536,-1.09813455805762,1966.233331,3.29363505385873,1.30872177252558,"fruit"
"309","pric","fruto","pricfruto",96.2677,1.98348059590117,89.5,80.7,30,0.848524035642744,4.7897561875,0.680313407126821,-1.30316718877435,1456.287529,3.16324713042338,1.17976653452221,"fruit"
"310","pric","fruto","pricfruto",71.2999,1.85308892074277,78.7,65.9,30.2,0.869407152035771,6.8644832,0.836607846476377,-1.01648107426639,1598.483955,3.20370828133968,1.35061936059692,"fruit"
"311","pric","fruto","pricfruto",61.9397,1.79196909755515,64.2,66.6,30,0.922231523919159,5.6500456825,0.752051959249078,-1.03991713830608,1603.38728,3.20503843392788,1.41306933637272,"fruit"
"312","pric","fruto","pricfruto",59.4145,1.77389244669006,66.6,64.5,26.8,0.985655356814651,4.2294156325,0.626280366166429,-1.14761208052363,1711.26043,3.2333161081414,1.45942366145134,"fruit"
"313","pric","fruto","pricfruto",77.7213,1.8905400561854,82.34,69.28,34.82,0.747298181486017,2.3819008735,0.376923683684229,-1.51361637250117,887.5018276,2.94816925605477,1.05762919986937,"fruit"
"314","pse1","diaspora","pse1diaspora",0.085,-1.07058107428571,5.7,5.1,4.8,1.16341332669514,0.013527553,-1.86878075585685,-0.798199681571145,24.51662507,1.38946068548931,2.46004175977501,"diaspore"
"315","pse1","diaspora","pse1diaspora",0.0743,-1.12901118623942,6,4.8,4.5,1.09492706219702,0.02061901525,-1.68573208016325,-0.556720893923822,39.22660011,1.59358066812309,2.72259185436251,"diaspore"
"316","qua1","diaspora","qua1diaspora",0.544,-0.26440110030182,17.4,10.7,7.2,0.775058984513115,0.407926721,-0.389417845546449,-0.125016745244629,401.5823187,2.60377458297146,2.86817568327328,"diaspore"
"317","qua1","diaspora","qua1diaspora",0.5792,-0.237171446810909,16.2,9.7,8.3,0.848135203253572,0.0894365575,-1.04848492555254,-0.81131347874163,92.67284277,1.96695248535184,2.20412393216275,"diaspore"
"318","qua1","diaspora","qua1diaspora",1.572,0.196452541703389,16.2,14.9,8.4,1.48072139093344,0.16468493625,-0.783346123979585,-0.979798665682974,186.3263505,2.27027427769551,2.07382173599212,"diaspore"
"319","qua1","diaspora","qua1diaspora",0.9157,-0.0382467858132174,16.1,10.7,7,1.45026343751999,0.218037698,-0.661468411817588,-0.623221626004371,229.9659432,2.36166352395033,2.39991030976355,"diaspore"
"321","qua1","diaspora","qua1diaspora",1.2163,0.0850407067421938,17.2,11.5,6.7,1.75283483044238,0.23158773825,-0.635284438689578,-0.720325145431771,249.5792432,2.39720846346812,2.31216775672593,"diaspore"
"322","qua1","diaspora","qua1diaspora",1.2636,0.101609617233111,15.8,12.3,7.5,1.65572243359818,0.26578771375,-0.57546509853965,-0.677074715772761,247.6179132,2.39378205925967,2.29217244202656,"diaspore"
"323","rhea","diaspora","rheadiaspora",7.8251,0.893489896272248,38,19.7,13.7,1.45720577606283,0.819428558,-0.0864889044716124,-0.979978800743861,598.2056517,2.77685051182223,1.88336061554998,"diaspore"
"324","rhea","diaspora","rheadiaspora",10.7132,1.02991921264003,40.12,21.44,19.85,1.19832432122883,3.76039444,0.575233401877357,-0.454685810762672,956.1483778,2.9805252925476,1.95060607990757,"diaspore"
"325","rhea","diaspora","rheadiaspora",9.0825,0.958205406534752,39.62,22.6,14.96,1.29494785428456,2.3924334775,0.378839870897649,-0.579365535637103,946.3417278,2.97604799020604,2.01784258367128,"diaspore"
"326","rhea","diaspora","rheadiaspora",7.4249,0.870690608865931,32.1,20,18.6,1.18752842625165,3.8442411925,0.584810628030256,-0.285879980835674,956.1483778,2.9805252925476,2.10983468368167,"diaspore"
"327","rhea","diaspora","rheadiaspora",7.2612,0.861008398980053,37,21.7,15.4,1.12157313450968,0.84562064175,-0.0728244243658298,-0.933832823345882,475.6225264,2.67726241545788,1.81625401647783,"diaspore"
"328","smip","diaspora","smipdiaspora",0.1923,-0.71602071576152,7,6.8,4.5,1.71459358860344,0.13762544075,-0.861301277175604,-0.145280561414084,304.0061509,2.48288237069726,3.19890308645878,"diaspore"
"329","smip","diaspora","smipdiaspora",0.1854,-0.731890270191522,6.6,6.2,4.2,2.06027974090472,0.14600234825,-0.835640159120934,-0.103749888929413,313.8128009,2.49667065514271,3.22856092533423,"diaspore"
"330","smip","diaspora","smipdiaspora",0.1753,-0.756218083906205,6.6,6.4,4.3,1.84327837764332,0.12119098725,-0.916529676647733,-0.160311592741528,269.6828758,2.43085337069584,3.18707145460205,"diaspore"
"331","smip","diaspora","smipdiaspora",0.163,-0.787812395596042,6.7,6.5,4.4,1.62460634948203,0.1256428005,-0.900862392011341,-0.113049996415298,264.7795508,2.42288444104843,3.21069683664447,"diaspore"
"332","smip","diaspora","smipdiaspora",0.1504,-0.822752163744377,5.7,6.4,4.2,1.87475747501731,0.12569209925,-0.900692020324913,-0.0779398565805361,264.7795508,2.42288444104843,3.2456366047928,"diaspore"
"333","smip","diaspora","smipdiaspora",0.1092,-0.961777361631282,5.3,6,4,1.63959620619198,0.095153426,-1.02157557031854,-0.0597982086872569,245.1662507,2.38946068548931,3.35123804712059,"diaspore"
"334","soce","diaspora","socediaspora",4.715,0.673481697073347,24.5,20.2,12.4,1.4673845286665,2.0164181855,0.304580605561732,-0.368901091511615,2177.076306,3.33787365122482,2.66439195415147,"diaspore"
"335","soce","diaspora","socediaspora",5.6804,0.754378918752608,27.2,18.4,17,1.27510118108621,0.59010233825,-0.229072664488165,-0.983451583240773,872.7918525,2.94091068346616,2.18653176471355,"diaspore"
"336","soce","diaspora","socediaspora",5.2974,0.724062767202917,23.7,18.6,17.5,1.31148946397559,0.92705328825,-0.0328953013163731,-0.75695806851929,1117.958103,3.04842552807915,2.32436276087624,"diaspore"
"337","soce","diaspora","socediaspora",6.7811,0.831300148908489,25.4,19.5,19.2,1.36185845018228,2.08601276775,0.319316962262325,-0.511983186646164,1725.970405,3.23703334464954,2.40573319574105,"diaspore"
"338","soce","diaspora","socediaspora",6.9323,0.840877348837807,26.7,19.2,18.9,1.3664836266125,1.58625138275,0.200372013681442,-0.640505335156365,1377.834329,3.13919700107917,2.29831965224136,"diaspore"
"339","soce","diaspora","socediaspora",5.0717,0.705153556348856,22.7,18.2,17.8,1.31715743154101,2.17487043175,0.337433388898867,-0.367720167449989,1647.517205,3.21682995862116,2.5116764022723,"diaspore"
"340","sora","diaspora","soradiaspora",0.1534,-0.814174640387038,6.4,5.8,5.1,1.54756391165674,0.07150156025,-1.14568448126784,-0.331509840880801,86.29852025,1.93600334898555,2.75017798937259,"diaspore"
"341","sora","diaspora","soradiaspora",0.1782,-0.749092300299144,6.9,6.1,5.2,1.55498716261723,0.080893526,-1.09208623407353,-0.342993933774387,92.67284277,1.96695248535184,2.71604478565098,"diaspore"
"342","sora","diaspora","soradiaspora",0.1963,-0.707079700399994,6.6,6.6,5.5,1.56484424387373,0.097699256,-1.01010874351075,-0.303029043110761,110.3248128,2.0426731992056,2.7497528996056,"diaspore"
"343","sora","diaspora","soradiaspora",0.1247,-0.904133546521457,5.9,5.4,4.7,1.59046531262246,0.059560348,-1.22504277341083,-0.320909226889368,81.88552774,1.91320715233375,2.81734069885521,"diaspore"
"344","sora","diaspora","soradiaspora",0.1337,-0.873868592738016,5.8,5.3,5.1,1.62876619016315,0.05189280325,-1.28489286807704,-0.41102427533902,66.19488769,1.82082444965485,2.69469304239287,"diaspore"
"345","sora","diaspora","soradiaspora",0.1215,-0.915423722065669,6.3,5.2,4.5,1.57405987673303,0.06834900875,-1.16526777952376,-0.249844057458096,92.67284277,1.96695248535184,2.88237620741751,"diaspore"
"346","strp","fruto","strpfruto",39.8982,1.60095330301254,41.6,42.5,41.6,1.03604612183515,0.357132114,-0.447171095464161,-2.0481243984767,230.4562757,2.36258853916815,0.761635236155615,"fruit"
"347","strp","fruto","strpfruto",75.119,1.87574979787663,51.5,53.2,53,0.987998862617992,0.34567576,-0.461331073646307,-2.33708087152294,220.6496256,2.34370319486958,0.467953396992953,"fruit"
"348","strp","fruto","strpfruto",72.951,1.86303124950576,54.3,55.4,53.1,0.872224962622892,0.27999697425,-0.552846661777883,-2.41587791128364,210.8429756,2.32395913672875,0.460927887222995,"fruit"
"349","strp","fruto","strpfruto",250.3,2.39846084960822,79.2,74.6,74,1.09336835099514,0.7205943695,-0.142309135642029,-2.54076998525025,308.9094759,2.48983123063218,0.0913703810239521,"fruit"
"350","strp","fruto","strpfruto",233.6,2.36847283844036,75,75.7,74,1.0619042366744,1.21189495275,0.083464976745949,-2.28500786169441,289.2961758,2.4613426927564,0.0928698543160384,"fruit"
"351","strp","diaspora","strpdiaspora",2.2609,0.354281353849728,21.2,20.6,7.8,1.26760822225987,2.23336456325,0.348959620915037,-0.00532173293469127,2098.623106,3.32193445016811,2.96765309631839,"diaspore"
"352","strp","diaspora","strpdiaspora",2.6987,0.431154609052244,20.6,21.3,9,1.30516870997492,1.498824898,0.175750898842763,-0.255403710209482,1520.030754,3.18185237489042,2.75069776583817,"diaspore"
"353","strp","diaspora","strpdiaspora",4.5587,0.658841012989087,27.5,25.4,9.8,1.27189103017783,0.86514824075,-0.062909471004869,-0.721750483993956,936.5350777,2.97152404841307,2.31268303542399,"diaspore"
"354","strp","diaspora","strpdiaspora",2.72,0.434568904034199,22.4,21,9.8,1.12687798107548,2.1189489205,0.32612048771015,-0.108448416324048,1623.00058,3.21031867502694,2.77574977099274,"diaspore"
"355","strp","diaspora","strpdiaspora",1.8547,0.268273671966616,19.3,16.6,8.7,1.27083860739741,1.804802783,0.256429751984438,-0.0118439199821778,1255.251204,3.09873064660907,2.83045697464245,"diaspore"
"356","strp","fruto","strpfruto",131.7865,2.11987092409872,61.6,60.4,59.5,1.13694036416506,0.192181721,-0.716287921799362,-2.83615884589808,117.6798003,2.07070192273204,-0.04916900136668,"fruit"
"357","strp","fruto","strpfruto",142.6096,2.15414876174792,62.2,62.2,62,1.13547527152548,0.4028796895,-0.394824626283532,-2.54897338803145,161.8097255,2.20900462113317,0.0548558593852443,"fruit"
"358","strp","fruto","strpfruto",121.7939,2.08562553737173,63.3,58.9,55.7,1.1200894716742,0.60192108175,-0.220460445631254,-2.30608598300298,215.7463006,2.33394335760727,0.248317820235538,"fruit"
"359","strp","fruto","strpfruto",68.6656,1.83673921927504,49.7,48.7,48.3,1.1217810938349,0.375806853,-0.425035304616153,-2.2617745238912,171.6163755,2.23455872552887,0.397819506253826,"fruit"
"360","strp","fruto","strpfruto",66.6744,1.82395911618251,50.3,51,48,1.03414418758881,0.76286594575,-0.117551771528744,-1.94151088771126,279.4895258,2.44636553682889,0.622406420646374,"fruit"
"361","strp","fruto","strpfruto",67.7855,1.83113680384547,49.5,49.7,48.5,1.08501278410413,0.5575143045,-0.253743985166406,-2.08488078901187,284.3928508,2.4539186746979,0.622781870852433,"fruit"
"362","strp","diaspora","strpdiaspora",2.7665,0.441930674550171,19.4,22.1,10,1.23236129140382,1.1890981405,0.0752176999666186,-0.366712974583553,1152.281378,3.06155854331572,2.61962786876555,"diaspore"
"363","strp","diaspora","strpdiaspora",3.1654,0.500428598023598,20.6,21.5,9.6,1.42184764298681,0.944728645,-0.0246929162550662,-0.525121514278664,907.1151276,2.95766240956109,2.45723381153749,"diaspore"
"364","strp","diaspora","strpdiaspora",2.5644,0.408985768211694,17.5,20.8,9.8,1.37296569656265,0.76895413375,-0.114099564039066,-0.523085332250761,848.2752275,2.92853678432202,2.51955101611032,"diaspore"
"365","strp","diaspora","strpdiaspora",2.9761,0.473647519857223,20.7,22,10,1.24811864594411,0.83827959075,-0.0766111073025187,-0.550258627159742,926.7284277,2.96695248535184,2.49330496549461,"diaspore"
"366","strp","diaspora","strpdiaspora",4.0066,0.602775986689237,23.5,23.8,10.7,1.27864141590604,2.967350265,0.472368813313257,-0.13040717337598,1990.749956,3.29901671479942,2.69624072811018,"diaspore"
"368","swa2","diaspora","swa2diaspora",1.0175,0.00753441789725768,18.9,9.3,8,1.38197776579624,0.1619474895,-0.790625780007911,-0.798160197905169,161.8097255,2.20900462113317,2.20147020323591,"diaspore"
"369","swa2","diaspora","swa2diaspora",1.965,0.293362554711446,25.1,10.4,10,1.43766225793246,0.487986535,-0.311592161308512,-0.604954716019958,343.232751,2.53558872119285,2.2422261664814,"diaspore"
"371","swa2","diaspora","swa2diaspora",2.0124,0.303714308653711,25,10.4,10,1.47823111143752,0.61357009025,-0.212135819130748,-0.515850127784459,416.7826262,2.619909606878,2.31619529822429,"diaspore"
"372","swa2","diaspora","swa2diaspora",1.9068,0.280305143255004,24.3,10.2,9.4,1.56304766497024,0.51196673525,-0.29075825614661,-0.571063399401615,362.8460511,2.55972240096087,2.27941725770586,"diaspore"
"373","swa2","diaspora","swa2diaspora",2.7683,0.442213152722819,29.7,12,10.9,1.36097559373952,0.478068823,-0.320509577660736,-0.762722730383555,411.8793012,2.61476996724048,2.17255681451766,"diaspore"
"374","swa2","diaspora","swa2diaspora",1.8604,0.269606330839479,23.4,10.7,10.2,1.39125872733756,0.1265985055,-0.897571421150688,-1.16717775199017,176.5197005,2.24679318191073,1.97718685107125,"diaspore"
"375","swa2","diaspora","swa2diaspora",3.0749,0.487830996483996,31.4,12.6,10.4,1.42724602352158,0.846104193,-0.0725761527308714,-0.560407149214868,622.7222768,2.79429440212459,2.30646340564059,"diaspore"
"376","swap","diaspora","swapdiaspora",30.5647,1.48522013744024,57,47.1,26.2,0.829897508975092,0.80477275375,-0.0943267354396532,-1.5795468728799,269.6828758,2.43085337069584,0.945633233255598,"diaspore"
"378","swap","diaspora","swapdiaspora",25.873,1.41284678851196,49.7,41.8,27.4,0.868090358787364,2.21606932625,0.345583342490002,-1.06726344602196,519.7524515,2.71579654643143,1.30294975791947,"diaspore"
"381","swap","diaspora","swapdiaspora",31.3574,1.49634004596189,55.3,44.2,25.6,0.957092818834317,2.2085216335,0.344101657732358,-1.15223838822953,573.6890267,2.75867654294638,1.2623364969845,"diaspore"
"382","synw","diaspora","synwdiaspora",0.425,-0.371611069949688,13.2,6.8,6.6,1.37013552937238,0.4678170685,-0.329923936823287,0.0416871331264012,677.1491845,2.83068435977463,3.20229542972432,"diaspore"
"383","synw","diaspora","synwdiaspora",0.392,-0.406713932979543,12.8,6.7,6.5,1.34304113860555,0.53400637825,-0.272453555663885,0.134260377315658,676.658852,2.83036976759817,3.23708370057771,"diaspore"
"384","synw","diaspora","synwdiaspora",0.4486,-0.348140730753051,13.7,7,6.8,1.3138117059012,0.43980662475,-0.35673823320465,-0.00859750245159929,596.7346542,2.77578125938059,3.12392199013364,"diaspore"
"385","synw","diaspora","synwdiaspora",0.5555,-0.255315936723114,14.1,7.5,7.4,1.35573043339157,0.58334247525,-0.234076399885622,0.0212395368374916,766.8800322,2.88472742988301,3.14004336660612,"diaspore"
"386","synw","diaspora","synwdiaspora",0.4524,-0.344477403746582,13.1,7.2,6.9,1.32761176116041,0.64866163925,-0.187981784749988,0.156495618996595,800.2226423,2.90321083557938,3.24768823932596,"diaspore"
"387","synw","diaspora","synwdiaspora",0.3508,-0.454940415305997,12.6,6.3,6,1.40669070387092,0.3292128515,-0.482523219551526,-0.0275828042455285,553.0950616,2.74279978081694,3.19774019612294,"diaspore"
"388","synw","diaspora","synwdiaspora",0.3086,-0.510604078272871,12.6,6,5.9,1.32136710890931,0.4321151655,-0.364400491436079,0.146203586836792,637.9225844,2.80476797776838,3.31537205604125,"diaspore"
"389","synw","diaspora","synwdiaspora",0.4002,-0.397722915699807,11.6,7.2,6.8,1.34579547467412,0.54569489075,-0.263050112424421,0.134672803275386,729.1244296,2.86280164968608,3.26052456538589,"diaspore"
"390","synw","diaspora","synwdiaspora",0.4885,-0.311135431945208,14.2,7,7,1.34085409083744,0.489404784,-0.310331789674367,0.000803642270840902,676.1685195,2.83005494737371,3.14119037931892,"diaspore"
"391","synw","diaspora","synwdiaspora",0.378,-0.422508200162775,13.2,6.4,6.3,1.35643417407865,0.4979617835,-0.302803986260232,0.119704213902542,656.0648869,2.81694679460283,3.23945499476561,"diaspore"
"392","tacv","fruto","tacvfruto",7.5052,0.875362269895619,139.6,50.4,6.9,0.295255911816788,0.63402823575,-0.197891400860599,-1.07325367075622,985.5683279,2.99368673861167,2.11832446871605,"fruit"
"393","tacv","fruto","tacvfruto",7.4509,0.872208734684711,151.3,49.1,6.2,0.308956973900263,0.7567379725,-0.121054472939465,-0.993263207624177,1201.314629,3.07965676572388,2.20744803103917,"fruit"
"394","tacv","fruto","tacvfruto",5.1378,0.710777194405426,139.5,50.9,5.5,0.251260310805897,1.500687442,0.176290248306126,-0.5344869460993,2991.028259,3.47582051623085,2.76504332182542,"fruit"
"395","tet2","diaspora","tet2diaspora",0.5566,-0.254456798001976,14.82,9.94,8.78,0.821893367388017,0.092239736,-1.03508194870888,-0.780625150706907,260.3665583,2.41558520232917,2.67004200033114,"diaspore"
"396","tet2","diaspora","tet2diaspora",0.5652,-0.247797846823479,13.59,11.04,8.71,0.826031950111044,0.10433029325,-0.981589571907898,-0.733791725084419,224.5722857,2.35135615927087,2.59915400609435,"diaspore"
"397","tet2","diaspora","tet2diaspora",0.5503,-0.259400487188843,13.53,10.66,8.83,0.825249339929778,0.2014558885,-0.695820033782274,-0.436419546593431,333.426101,2.52299959392204,2.78240008111089,"diaspore"
"398","thim","fruto","thimfruto",0.1257,-0.900664722314042,54.8,8,2,0.273801683576431,0.018555903,-1.73151790639874,-0.830853184084701,60.31089768,1.78039579264885,2.68106051496289,"fruit"
"399","thim","fruto","thimfruto",0.1669,-0.777543663320753,57.4,10.5,2.5,0.211551697378097,0.04171199125,-1.37973907727848,-0.602195413957724,122.5831254,2.08843069000247,2.86597435332322,"fruit"
"400","thim","fruto","thimfruto",0.1727,-0.762707662432541,57,9.5,2.1,0.290052063548031,0.0787453515,-1.10377507407786,-0.341067411645318,201.0363256,2.30327453792919,3.06598220036173,"fruit"
"401","tono","diaspora","tonodiaspora",98.856,1.99500303366802,73.8,61,45.2,0.927854289216019,1.4971569545,0.175267332006461,-1.81973570166156,632.5289268,2.80108039144842,0.806077357780393,"diaspore"
"402","tono","diaspora","tonodiaspora",88.2977,1.94594939111644,64.4,56,44.3,1.05553623895958,6.3327843975,0.801594702527565,-1.14435468858887,1583.77398,3.19969320361547,1.25374381249903,"diaspore"
"403","tono","diaspora","tonodiaspora",57.0986,1.75662545991435,52.2,54.8,39.6,0.962676987344171,1.5375735545,0.186835900739734,-1.56978955917462,627.6256018,2.79770065080669,1.04107519089234,"diaspore"
"404","tono","diaspora","tonodiaspora",57.0962,1.75660720502434,57.6,53.5,33.9,1.0438368370601,0.393548158,-0.405002115975943,-2.16160932100029,348.136076,2.54174902987985,0.785141824855505,"diaspore"
"405","tono","diaspora","tonodiaspora",100.4552,2.00197242264578,66.5,53.4,48.6,1.11166678238702,6.3133393625,0.800259134694038,-1.20171328795175,1480.804154,3.17049762404357,1.16852520139778,"diaspore"
"406","tono","diaspora","tonodiaspora",96.3545,1.98387200212102,65.5,61.5,49,0.932311162464971,1.352128258,0.131017889164599,-1.85285411295642,558.9790516,2.74739553249287,0.763523530371849,"diaspore"
"407","tono","diaspora","tonodiaspora",58.7252,1.76882450452582,58.9,40.3,39.8,1.18719612174801,0.66910131925,-0.174508113832375,-1.9433326183582,392.2660011,2.59358066812309,0.824756163597268,"diaspore"
"408","tono","diaspora","tonodiaspora",59.4785,1.77436000742999,60.7,50.2,38.6,0.965787704848042,1.65594261675,0.219045283136893,-1.5553147242931,578.5923517,2.76237268849544,0.988012681065451,"diaspore"
"409","traa","diaspora","traadiaspora",0.2971,-0.527097348196336,8.8,8,7.3,1.10410025511991,0.07829431075,-1.10626979477028,-0.57917244657394,323.6194509,2.51003461666295,3.03713196485928,"diaspore"
"410","traa","diaspora","traadiaspora",0.3122,-0.505567101273601,9,9.1,7.5,0.970709122994671,0.14634527775,-0.834621286760801,-0.3290541854872,505.0424765,2.70332790590833,3.20889500718194,"diaspore"
"411","unop","diaspora","unopdiaspora",1.0478,0.0202783941119274,13.1,12.4,9.8,1.25707362747454,1.83838111775,0.264435550672379,0.244157156560451,779.6286773,2.89188780551496,2.87160941140303,"diaspore"
"412","unop","diaspora","unopdiaspora",1.2798,0.107142105833072,13.5,13.3,10.7,1.27225538093838,0.88779888625,-0.0516854041358184,-0.158827509968891,1029.698253,3.01270997591251,2.90556787007944,"diaspore"
"413","unop","diaspora","unopdiaspora",1.2153,0.0846834979032507,13.6,12.8,10.3,1.2944902176853,0.60666998525,-0.217047491066751,-0.301730988970002,799.2419773,2.90267828556703,2.81799478766378,"diaspore"
"414","unop","diaspora","unopdiaspora",1.6139,0.207876621591972,16.1,14.9,10.9,1.1787979092375,1.00735695825,0.00318339064134884,-0.204693230950624,1019.891603,3.00855401615352,2.80067739456155,"diaspore"
"415","unop","diaspora","unopdiaspora",1.4942,0.174408732073122,15.1,14.5,11.1,1.17420028498626,1.051133662,0.0216579443614046,-0.152750787711718,975.7616778,2.98934375756923,2.8149350254961,"diaspore"
"416","vir1","diaspora","vir1diaspora",0.5988,-0.222718208328985,12,10,9.7,0.982494638385845,0.028913758,-1.53889545822227,-1.31617724989328,73.54987521,1.86658194020897,2.08930014853795,"diaspore"
"417","vir1","diaspora","vir1diaspora",0.4435,-0.353106375832255,11.5,9,8.3,0.985999193452147,0.023176716,-1.63494810090553,-1.28184172507327,53.93657516,1.73188336635982,2.08498974219208,"diaspore"
"418","vir1","diaspora","vir1diaspora",0.6774,-0.169154807691388,14.5,10.3,10,0.866246201141881,0.027707883,-1.55739665489407,-1.38824184720268,44.12992513,1.64473319063198,1.81388799832337,"diaspore"
"419","vir2","diaspora","vir2diaspora",2.8688,0.457700272218108,20.5,17.2,17,0.914050984102024,0.32335961125,-0.490314225946786,-0.948014498164894,201.0363256,2.30327453792919,1.84557426571108,"diaspore"
"420","vir2","fruto","vir2fruto",14.5068,1.16157162362934,31.4,28.9,28.4,1.07504630403707,1.9445424515,0.288817428713076,-0.872754194916264,495.2358264,2.69481205492365,1.53324043129431,"fruit"
"421","vir2","fruto","vir2fruto",17.9555,1.25419750326424,34.9,31.3,30.4,1.03265566733216,2.46904060075,0.392528231502086,-0.861669271762151,573.6890267,2.75867654294638,1.50447903968215,"fruit"
"422","vir2","diaspora","vir2diaspora",1.6406,0.215002707214952,16.9,13.3,12.2,1.14263075319936,0.209581826,-0.678646380133546,-0.893649087348499,137.2931004,2.13764871252081,1.92264600530586,"diaspore"
"423","vir2","diaspora","vir2diaspora",2.9594,0.471203669470252,20.3,16.5,15.8,1.06799194722694,0.56510091725,-0.247873987771487,-0.71907765724174,240.2629257,2.38068676120711,1.90948309173685,"diaspore"
"424","vir2","diaspora","vir2diaspora",2.7561,0.440294971094914,21.2,15.7,15.3,1.03364023143799,0.65038549775,-0.18682915117378,-0.627124122268694,284.3928508,2.4539186746979,2.01362370360299,"diaspore"
"425","vir2","diaspora","vir2diaspora",2.8435,0.453853232588186,20,17,15.7,1.0173632387002,0.43443495775,-0.362075235566807,-0.815928468154993,240.2629257,2.38068676120711,1.92683352861892,"diaspore"
"426","vir2","diaspora","vir2diaspora",3.4276,0.534990134158752,23.1,17.7,17.3,0.925465348569088,0.4078580055,-0.389491008873912,-0.924481143032663,235.3596007,2.37173191858054,1.83674178442179,"diaspore"
"427","vir2","diaspora","vir2diaspora",2.1575,0.333950804387247,19.4,15.6,15,0.907683821625071,0.213636654,-0.670324232616007,-1.00427503700325,132.3897754,2.12185444538444,1.7879036409972,"diaspore"
"428","vir2","diaspora","vir2diaspora",2.405,0.381115080709851,20.9,15.3,15.2,0.945007278593352,0.281466209,-0.550573736250326,-0.931688816960176,166.7130505,2.22196959825806,1.84085451754821,"diaspore"
"429","vir2","diaspora","vir2diaspora",1.8931,0.277173555485785,19.9,14.3,14.2,0.894741280817365,0.245676779,-0.609635890441967,-0.886809445927752,161.8097255,2.20900462113317,1.93183106564738,"diaspore"
"430","zan1","diaspora","zan1diaspora",0.0157,-1.80410034759077,3,2.7,2.2,1.68264821989411,0.012383669,-1.90715066465494,-0.10305031706417,57.85923517,1.76237268849544,3.56647303608621,"diaspore"
"431","zan1","diaspora","zan1diaspora",0.0141,-1.85078088734462,3.1,2.8,2.5,1.2409684963663,0.00883357025,-2.05386373283328,-0.203082845488663,42.16859512,1.62498913239274,3.47577001973736,"diaspore"
"432","zan1","diaspora","zan1diaspora",0.015,-1.82390874094432,2.8,2.4,2.2,1.93776310582665,0.0138400815,-1.85886135244457,-0.0349526115002558,64.23355769,1.80776197685368,3.63167071779799,"diaspore"
"433","zan1","diaspora","zan1diaspora",0.0141,-1.85078088734462,2.9,2.7,2.3,1.49530881065849,0.011590931,-1.9358816794873,-0.0851007921426802,50.99458015,1.70752402048954,3.55830490783416,"diaspore"
"434","zan1","diaspora","zan1diaspora",0.016,-1.79588001734408,3.1,2.6,2.3,1.64838434964095,0.00276706925,-2.55797997186138,-0.762099954517309,27.94895258,1.44636553682889,3.24224555417296,"diaspore"
"435","zan1","diaspora","zan1diaspora",0.0126,-1.89962945488244,2.8,2.5,2,1.71887338539247,0.0123892475,-1.90695507106722,-0.00732561618477997,50.99458015,1.70752402048954,3.60715347537198,"diaspore"
"436","zan1","diaspora","zan1diaspora",0.015,-1.82390874094432,3.2,2.7,2.2,1.50714908230961,0.01046447475,-1.98028256559586,-0.156373824651539,51.97524515,1.71579654643143,3.53970528737575,"diaspore"
"437","cupl","diaspora","cupldiaspora",0.8638,-0.0635868002885203,14.3,11.4,8.2,1.23412694994281,0.07957045825,-1.09924814080943,-1.03566134052091,129.9381129,2.11373655518702,2.17732335547554,"diaspore"
"438","zan1","diaspora","zan1diaspora",0.015,-1.82390874094432,2.8,2.5,2.3,1.77937203456777,0.005232313,-2.28130628415877,-0.457397543214447,43.63959263,1.63988068785194,3.46378942879626,"diaspore"
"439","bac2","diaspora","bac2diaspora",0.5021,-0.299209778625653,8.1,9.4,9.2,1.3689604434584,0.0909982706832365,-1.04096686086423,-0.741757082238573,259.87622575896,2.41476655078242,2.71397632940807,"diaspore"
"440","bac2","diaspora","bac2diaspora",0.4407,-0.355856949490081,7.7,9.3,8.3,1.41609588929186,0.111147866140807,-0.954098870636323,-0.598241921146242,313.81280091648,2.49667065516552,2.8525276046556,"diaspore"
"441","bac2","diaspora","bac2diaspora",0.4145,-0.382475465113708,7.5,9.2,8.3,1.38228860998618,0.063709643867646,-1.19579482258628,-0.813319357472568,191.22967555848,2.28155528820813,2.66403075332184,"diaspore"
"442","bac2","diaspora","bac2diaspora",0.6657,-0.176721443048329,9.7,10,9.5,1.37969978013597,0.141889356383003,-0.848050181269085,-0.671328738220756,357.94272604536,2.55381354130209,2.73053498435042,"diaspore"
"443","bac2","diaspora","bac2diaspora",0.4993,-0.30163843394489,8,9.5,9.2,1.36383403465303,0.0912901715928687,-1.03957597660312,-0.737937542658231,269.6828757876,2.43085337067587,2.73249180462076,"diaspore"
"444","bac2","diaspora","bac2diaspora",0.6985,-0.155833589549799,10.1,10.1,9.9,1.32096054456561,0.131576821580039,-0.880820608795517,-0.724987019245717,299.10282587352,2.4758205161924,2.6316541057422,"diaspore"
"445","bac2","diaspora","bac2diaspora",0.6111,-0.213887716280173,9.6,9.6,9.1,1.39164929205954,0.168032434295458,-0.774606880917096,-0.560719164636922,353.03940103104,2.5478231776129,2.76171089389307,"diaspore"
"446","bac2","diaspora","bac2diaspora",0.5863,-0.231880105815203,9.1,9.7,9.3,1.36403400322001,0.149533484426135,-0.825261546649239,-0.593381440834036,328.52277595944,2.51656548388246,2.74844558969766,"diaspore"
"447","dior","diaspora","dio3diaspora",0.1789,-0.747389659432627,9.2,5.7,4.2,1.5513141178566,0.0231336876455956,-1.63575513262149,-0.888365473188867,210.84297561576,2.32395913676122,3.07134879619384,"diaspore"
"448","dior","diaspora","dio3diaspora",0.1881,-0.725611204449621,9,6.2,4.1,1.57026198770446,0.0297107556968502,-1.52708630172046,-0.801475097270842,279.48952581624,2.44636553685412,3.17197674130374,"diaspore"
"449","diow","diaspora","diowdiaspora",5.5101,0.741159480712783,31.4,25.2,15.5,0.85802308249988,0.593410548540897,-0.22664473787697,-0.967804218589753,416.7826262172,2.61990960689592,1.87875012618314,"diaspore"
"450","diow","diaspora","diowdiaspora",6.8877,0.838074222768777,32.5,28.3,15.2,0.940940617330837,0.852390224916132,-0.0693615393535721,-0.907435762122349,681.56217699048,2.83350548143573,1.99543125866695,"diaspore"
"451","diow","diaspora","diowdiaspora",6.7681,0.830466766864204,31.6,27.3,16.3,0.919244014023006,1.55869831527246,0.19276206599639,-0.637704700867814,1206.21795352272,3.08142578828501,2.25095902142081,"diaspore"
"452","dipp","diaspora","dippdiaspora",17.3093,1.23827950506289,44,27.3,21.5,1.28005048740122,4.43602223191627,0.646993714026799,-0.591285791036096,4927.8416393916,3.69265674293814,2.45437723787524,"diaspore"
"453","dipp","diaspora","dippdiaspora",15.4835,1.18986913844471,41.7,26.7,21.1,1.25875365467721,4.15596255296188,0.618671625719767,-0.57119751272494,4579.70556337488,3.66083755741172,2.47096841896702,"diaspore"
"454","faro","diaspora","farodiaspora",0.4862,-0.313185045492683,10,9.8,6.4,1.48050637751173,0.158967289379657,-0.79869223104684,-0.485507185554157,259.87622575896,2.41476655078242,2.7279515962751,"diaspore"
"455","faro","diaspora","farodiaspora",0.3628,-0.440332721611942,9,8.2,6.1,1.53915536062214,0.144361432753244,-0.840548816320623,-0.40021609470868,205.93965060144,2.31373997157953,2.75407269319147,"diaspore"
"456","faro","diaspora","farodiaspora",0.475,-0.323306390375133,9.6,9.4,6.6,1.52318258318525,0.126673967412698,-0.897312627189612,-0.574006236814478,176.51970051552,2.24679318194892,2.57009957232405,"diaspore"
"461","inma","diaspora","inmadiaspora",0.2494,-0.603103550857476,9.4,7.3,4.2,1.65271444423195,0.02688407377713,-1.57050492144874,-0.967401370591268,39.22660011456,1.59358066817357,2.19668421903105,"diaspore"
"462","inma","diaspora","inmadiaspora",0.2551,-0.59328954139021,10.2,7.2,4.4,1.50774012116542,0.0207759931873511,-1.68243820578809,-1.08914866439788,34.32327510024,1.53558872119589,2.1288782625861,"diaspore"
"463","inma","diaspora","inmadiaspora",0.2525,-0.59773861754532,9.6,7.2,4,1.74421107338123,0.026830450498916,-1.57137203520914,-0.973633417663815,39.22660011456,1.59358066817357,2.19131928571889,"diaspore"
"464","inma","diaspora","inmadiaspora",0.1977,-0.703993330686328,9.3,7,4.2,1.3809494074728,0.0131846235308485,-1.87993226638699,-1.17593893570066,19.61330005728,1.29255067250959,1.99654400319592,"diaspore"
"465","inma","diaspora","inmadiaspora",0.2664,-0.574465779501736,10.4,7.2,4.3,1.58016088400719,0.0273268982681867,-1.56340965998158,-0.988943880479846,39.22660011456,1.59358066817357,2.16804644767531,"diaspore"
"466","inma","diaspora","inmadiaspora",0.2449,-0.611011214875286,10,7,4.2,1.59089981890633,0.0367507569684917,-1.43473371116881,-0.823722496293527,58.83990017184,1.76967192722926,2.38068314210454,"diaspore"
"467","paca","diaspora","pacadiaspora",74.5359,1.87236549981643,63.5,76.4,40.4,0.726303987547733,2.20100421218282,0.342620873687381,-1.52974462612905,514.8491265036,2.71167998025157,0.839314480435141,"diaspore"
"468","paca","diaspora","pacadiaspora",82.0376,1.91401294664998,80.1,57.9,48,0.703820653770205,2.78651332743432,0.445061124556168,-1.46895182209381,588.3990017184,2.76967192722926,0.855658980579278,"diaspore"
"473","paca","diaspora","pacadiaspora",76.1124,1.88145541646673,67.1,45.8,34.7,1.36313641952616,0.840469207989648,-0.0754781930456255,-1.95693360951235,176.51970051552,2.24679318194892,0.36533776548219,"diaspore"
"474","paca","diaspora","pacadiaspora",69.029,1.8390315819552,69.4,59,41.2,0.781491505033893,2.56818052839103,0.409625548886053,-1.42940603306914,583.49567670408,2.76603764257416,0.927006060618966,"diaspore"
"476","paca","diaspora","pacadiaspora",94.7837,1.9767336579213,83.3,65.5,36.8,0.90157303821531,3.28911739500075,0.517079374574524,-1.45965428334677,588.3990017184,2.76967192722926,0.792938269307958,"diaspore"
